home_team,Albania_1,Albania_0,Austria_1,Austria_0,Belgium_1,Belgium_0,Croatia_1,Croatia_0,Czechia_1,Czechia_0,Denmark_1,Denmark_0,England_1,England_0,France_1,France_0,Georgia_1,Georgia_0,Germany_1,Germany_0,Hungary_1,Hungary_0,Italy_1,Italy_0,Netherlands_1,Netherlands_0,Poland_1,Poland_0,Portugal_1,Portugal_0,Romania_1,Romania_0,Scotland_1,Scotland_0,Serbia_1,Serbia_0,Slovakia_1,Slovakia_0,Slovenia_1,Slovenia_0,Spain_1,Spain_0,Switzerland_1,Switzerland_0,Turkey_1,Turkey_0,Ukraine_1,Ukraine_0
Albania,,,"{""predictions"": [26.6, 49.13, 24.27], ""scorePrediction"": [1, 2]}","{""predictions"": [36.65, 63.35, 0.0], ""scorePrediction"": [1, 2]}","{""predictions"": [21.18, 58.52, 20.3], ""scorePrediction"": [1, 2]}","{""predictions"": [26.46, 73.54, 0.0], ""scorePrediction"": [1, 2]}","{""predictions"": [28.62, 46.76, 24.62], ""scorePrediction"": [1, 2]}","{""predictions"": [36.73, 63.27, 0.0], ""scorePrediction"": [0, 1]}","{""predictions"": [26.73, 49.48, 23.79], ""scorePrediction"": [1, 2]}","{""predictions"": [35.31, 64.69, 0.0], ""scorePrediction"": [0, 1]}","{""predictions"": [23.64, 54.51, 21.85], ""scorePrediction"": [1, 2]}","{""predictions"": [28.79, 71.21, 0.0], ""scorePrediction"": [1, 2]}","{""predictions"": [20.12, 59.31, 20.57], ""scorePrediction"": [1, 2]}","{""predictions"": [25.39, 74.61, 0.0], ""scorePrediction"": [1, 2]}","{""predictions"": [18.63, 62.02, 19.35], ""scorePrediction"": [1, 2]}","{""predictions"": [23.0, 77.0, 0.0], ""scorePrediction"": [1, 2]}","{""predictions"": [30.14, 44.53, 25.33], ""scorePrediction"": [0, 1]}","{""predictions"": [39.39, 60.61, 0.0], ""scorePrediction"": [0, 1]}","{""predictions"": [20.98, 59.06, 19.96], ""scorePrediction"": [1, 2]}","{""predictions"": [26.73, 73.27, 0.0], ""scorePrediction"": [1, 2]}","{""predictions"": [30.5, 44.64, 24.86], ""scorePrediction"": [0, 1]}","{""predictions"": [40.42, 59.58, 0.0], ""scorePrediction"": [0, 1]}","{""predictions"": [25.03, 51.7, 23.27], ""scorePrediction"": [1, 2]}","{""predictions"": [32.42, 67.58, 0.0], ""scorePrediction"": [1, 2]}","{""predictions"": [19.01, 61.56, 19.43], ""scorePrediction"": [1, 2]}","{""predictions"": [22.63, 77.37, 0.0], ""scorePrediction"": [1, 2]}","{""predictions"": [26.67, 49.66, 23.67], ""scorePrediction"": [1, 2]}","{""predictions"": [35.56, 64.44, 0.0], ""scorePrediction"": [1, 2]}","{""predictions"": [16.91, 65.63, 17.46], ""scorePrediction"": [1, 2]}","{""predictions"": [19.06, 80.94, 0.0], ""scorePrediction"": [1, 2]}","{""predictions"": [31.86, 41.89, 26.25], ""scorePrediction"": [0, 1]}","{""predictions"": [44.09, 55.91, 0.0], ""scorePrediction"": [0, 1]}","{""predictions"": [32.26, 41.73, 26.01], ""scorePrediction"": [0, 1]}","{""predictions"": [43.36, 56.64, 0.0], ""scorePrediction"": [0, 1]}","{""predictions"": [25.0, 52.14, 22.86], ""scorePrediction"": [1, 2]}","{""predictions"": [33.23, 66.77, 0.0], ""scorePrediction"": [1, 2]}","{""predictions"": [33.79, 39.82, 26.39], ""scorePrediction"": [0, 1]}","{""predictions"": [46.45, 53.55, 0.0], ""scorePrediction"": [0, 1]}","{""predictions"": [29.63, 45.5, 24.87], ""scorePrediction"": [0, 1]}","{""predictions"": [40.49, 59.51, 0.0], ""scorePrediction"": [0, 1]}","{""predictions"": [20.26, 60.26, 19.48], ""scorePrediction"": [1, 2]}","{""predictions"": [25.85, 74.15, 0.0], ""scorePrediction"": [1, 2]}","{""predictions"": [26.65, 49.08, 24.27], ""scorePrediction"": [0, 1]}","{""predictions"": [35.36, 64.64, 0.0], ""scorePrediction"": [0, 1]}","{""predictions"": [25.34, 52.43, 22.23], ""scorePrediction"": [1, 2]}","{""predictions"": [32.29, 67.71, 0.0], ""scorePrediction"": [1, 2]}","{""predictions"": [32.33, 41.49, 26.18], ""scorePrediction"": [0, 1]}","{""predictions"": [44.89, 55.11, 0.0], ""scorePrediction"": [0, 1]}"
Austria,"{""predictions"": [48.03, 27.39, 24.58], ""scorePrediction"": [2, 1]}","{""predictions"": [64.17, 35.83, 0.0], ""scorePrediction"": [1, 0]}",,,"{""predictions"": [31.14, 47.98, 20.88], ""scorePrediction"": [1, 2]}","{""predictions"": [39.51, 60.49, 0.0], ""scorePrediction"": [1, 2]}","{""predictions"": [39.77, 37.81, 22.42], ""scorePrediction"": [2, 1]}","{""predictions"": [51.38, 48.62, 0.0], ""scorePrediction"": [2, 1]}","{""predictions"": [39.39, 38.47, 22.14], ""scorePrediction"": [2, 1]}","{""predictions"": [48.93, 51.07, 0.0], ""scorePrediction"": [1, 2]}","{""predictions"": [34.29, 45.08, 20.63], ""scorePrediction"": [1, 2]}","{""predictions"": [43.01, 56.99, 0.0], ""scorePrediction"": [1, 2]}","{""predictions"": [28.87, 50.38, 20.75], ""scorePrediction"": [1, 2]}","{""predictions"": [37.67, 62.33, 0.0], ""scorePrediction"": [1, 2]}","{""predictions"": [28.56, 52.0, 19.44], ""scorePrediction"": [1, 2]}","{""predictions"": [35.87, 64.13, 0.0], ""scorePrediction"": [1, 2]}","{""predictions"": [41.66, 35.42, 22.92], ""scorePrediction"": [2, 1]}","{""predictions"": [54.5, 45.5, 0.0], ""scorePrediction"": [2, 1]}","{""predictions"": [31.28, 47.81, 20.91], ""scorePrediction"": [1, 2]}","{""predictions"": [37.71, 62.29, 0.0], ""scorePrediction"": [1, 2]}","{""predictions"": [41.09, 35.53, 23.38], ""scorePrediction"": [2, 1]}","{""predictions"": [53.87, 46.13, 0.0], ""scorePrediction"": [2, 1]}","{""predictions"": [35.3, 42.92, 21.78], ""scorePrediction"": [1, 2]}","{""predictions"": [45.75, 54.25, 0.0], ""scorePrediction"": [1, 2]}","{""predictions"": [28.79, 51.38, 19.83], ""scorePrediction"": [1, 2]}","{""predictions"": [35.39, 64.61, 0.0], ""scorePrediction"": [1, 2]}","{""predictions"": [37.88, 39.65, 22.47], ""scorePrediction"": [1, 2]}","{""predictions"": [48.78, 51.22, 0.0], ""scorePrediction"": [1, 2]}","{""predictions"": [24.92, 55.65, 19.43], ""scorePrediction"": [1, 2]}","{""predictions"": [30.46, 69.54, 0.0], ""scorePrediction"": [1, 2]}","{""predictions"": [44.89, 31.8, 23.31], ""scorePrediction"": [2, 1]}","{""predictions"": [59.61, 40.39, 0.0], ""scorePrediction"": [2, 1]}","{""predictions"": [43.3, 32.96, 23.74], ""scorePrediction"": [2, 1]}","{""predictions"": [58.65, 41.35, 0.0], ""scorePrediction"": [2, 1]}","{""predictions"": [35.0, 42.27, 22.73], ""scorePrediction"": [1, 2]}","{""predictions"": [46.88, 53.12, 0.0], ""scorePrediction"": [1, 2]}","{""predictions"": [45.78, 30.11, 24.11], ""scorePrediction"": [2, 1]}","{""predictions"": [60.3, 39.7, 0.0], ""scorePrediction"": [2, 1]}","{""predictions"": [41.85, 35.47, 22.68], ""scorePrediction"": [2, 1]}","{""predictions"": [53.7, 46.3, 0.0], ""scorePrediction"": [2, 1]}","{""predictions"": [29.89, 49.35, 20.76], ""scorePrediction"": [1, 2]}","{""predictions"": [37.19, 62.81, 0.0], ""scorePrediction"": [1, 2]}","{""predictions"": [38.8, 39.05, 22.15], ""scorePrediction"": [1, 2]}","{""predictions"": [49.22, 50.78, 0.0], ""scorePrediction"": [1, 2]}","{""predictions"": [34.51, 43.69, 21.8], ""scorePrediction"": [1, 2]}","{""predictions"": [45.03, 54.97, 0.0], ""scorePrediction"": [1, 2]}","{""predictions"": [43.91, 32.34, 23.75], ""scorePrediction"": [2, 1]}","{""predictions"": [57.82, 42.18, 0.0], ""scorePrediction"": [2, 1]}"
Belgium,"{""predictions"": [59.65, 19.82, 20.53], ""scorePrediction"": [2, 1]}","{""predictions"": [73.59, 26.41, 0.0], ""scorePrediction"": [2, 1]}","{""predictions"": [48.45, 30.35, 21.2], ""scorePrediction"": [2, 1]}","{""predictions"": [61.31, 38.69, 0.0], ""scorePrediction"": [2, 1]}",,,"{""predictions"": [49.21, 29.61, 21.18], ""scorePrediction"": [2, 1]}","{""predictions"": [61.21, 38.79, 0.0], ""scorePrediction"": [2, 1]}","{""predictions"": [48.25, 30.69, 21.06], ""scorePrediction"": [2, 1]}","{""predictions"": [60.33, 39.67, 0.0], ""scorePrediction"": [2, 1]}","{""predictions"": [43.11, 36.69, 20.2], ""scorePrediction"": [2, 1]}","{""predictions"": [54.2, 45.8, 0.0], ""scorePrediction"": [2, 1]}","{""predictions"": [39.74, 39.96, 20.3], ""scorePrediction"": [1, 2]}","{""predictions"": [48.05, 51.95, 0.0], ""scorePrediction"": [1, 2]}","{""predictions"": [36.98, 44.2, 18.82], ""scorePrediction"": [1, 2]}","{""predictions"": [46.22, 53.78, 0.0], ""scorePrediction"": [1, 2]}","{""predictions"": [51.54, 27.52, 20.94], ""scorePrediction"": [2, 1]}","{""predictions"": [63.65, 36.35, 0.0], ""scorePrediction"": [2, 1]}","{""predictions"": [40.15, 40.17, 19.68], ""scorePrediction"": [1, 2]}","{""predictions"": [50.92, 49.08, 0.0], ""scorePrediction"": [2, 1]}","{""predictions"": [50.47, 28.82, 20.71], ""scorePrediction"": [2, 1]}","{""predictions"": [64.77, 35.23, 0.0], ""scorePrediction"": [2, 1]}","{""predictions"": [45.3, 34.06, 20.64], ""scorePrediction"": [2, 1]}","{""predictions"": [56.8, 43.2, 0.0], ""scorePrediction"": [2, 1]}","{""predictions"": [37.69, 43.16, 19.15], ""scorePrediction"": [1, 2]}","{""predictions"": [46.29, 53.71, 0.0], ""scorePrediction"": [1, 2]}","{""predictions"": [48.51, 30.65, 20.84], ""scorePrediction"": [2, 1]}","{""predictions"": [60.43, 39.57, 0.0], ""scorePrediction"": [2, 1]}","{""predictions"": [33.42, 47.16, 19.42], ""scorePrediction"": [1, 2]}","{""predictions"": [41.79, 58.21, 0.0], ""scorePrediction"": [1, 2]}","{""predictions"": [54.24, 24.63, 21.13], ""scorePrediction"": [2, 1]}","{""predictions"": [68.3, 31.7, 0.0], ""scorePrediction"": [2, 1]}","{""predictions"": [54.93, 25.74, 19.33], ""scorePrediction"": [2, 1]}","{""predictions"": [68.87, 31.13, 0.0], ""scorePrediction"": [2, 1]}","{""predictions"": [44.89, 33.96, 21.15], ""scorePrediction"": [2, 1]}","{""predictions"": [56.66, 43.34, 0.0], ""scorePrediction"": [2, 1]}","{""predictions"": [56.23, 23.16, 20.61], ""scorePrediction"": [2, 1]}","{""predictions"": [70.42, 29.58, 0.0], ""scorePrediction"": [2, 1]}","{""predictions"": [51.99, 27.69, 20.32], ""scorePrediction"": [2, 1]}","{""predictions"": [64.74, 35.26, 0.0], ""scorePrediction"": [2, 1]}","{""predictions"": [38.05, 42.35, 19.6], ""scorePrediction"": [1, 2]}","{""predictions"": [48.31, 51.69, 0.0], ""scorePrediction"": [1, 2]}","{""predictions"": [47.56, 31.72, 20.72], ""scorePrediction"": [2, 1]}","{""predictions"": [60.16, 39.84, 0.0], ""scorePrediction"": [2, 1]}","{""predictions"": [44.6, 34.6, 20.8], ""scorePrediction"": [2, 1]}","{""predictions"": [55.97, 44.03, 0.0], ""scorePrediction"": [2, 1]}","{""predictions"": [54.66, 25.04, 20.3], ""scorePrediction"": [2, 1]}","{""predictions"": [68.39, 31.61, 0.0], ""scorePrediction"": [2, 1]}"
Croatia,"{""predictions"": [47.32, 28.01, 24.67], ""scorePrediction"": [1, 0]}","{""predictions"": [63.01, 36.99, 0.0], ""scorePrediction"": [1, 0]}","{""predictions"": [37.39, 39.91, 22.7], ""scorePrediction"": [1, 2]}","{""predictions"": [47.76, 52.24, 0.0], ""scorePrediction"": [1, 2]}","{""predictions"": [29.51, 49.86, 20.63], ""scorePrediction"": [1, 2]}","{""predictions"": [38.37, 61.63, 0.0], ""scorePrediction"": [1, 2]}",,,"{""predictions"": [37.6, 40.08, 22.32], ""scorePrediction"": [1, 2]}","{""predictions"": [48.2, 51.8, 0.0], ""scorePrediction"": [1, 2]}","{""predictions"": [32.88, 45.62, 21.5], ""scorePrediction"": [1, 2]}","{""predictions"": [42.29, 57.71, 0.0], ""scorePrediction"": [1, 2]}","{""predictions"": [29.42, 50.73, 19.85], ""scorePrediction"": [1, 2]}","{""predictions"": [36.77, 63.23, 0.0], ""scorePrediction"": [1, 2]}","{""predictions"": [26.99, 53.98, 19.03], ""scorePrediction"": [1, 2]}","{""predictions"": [33.84, 66.16, 0.0], ""scorePrediction"": [1, 2]}","{""predictions"": [40.01, 35.85, 24.14], ""scorePrediction"": [2, 1]}","{""predictions"": [51.95, 48.05, 0.0], ""scorePrediction"": [2, 1]}","{""predictions"": [30.6, 49.17, 20.23], ""scorePrediction"": [1, 2]}","{""predictions"": [38.13, 61.87, 0.0], ""scorePrediction"": [1, 2]}","{""predictions"": [40.58, 36.37, 23.05], ""scorePrediction"": [2, 1]}","{""predictions"": [52.99, 47.01, 0.0], ""scorePrediction"": [2, 1]}","{""predictions"": [35.52, 42.55, 21.93], ""scorePrediction"": [1, 2]}","{""predictions"": [44.06, 55.94, 0.0], ""scorePrediction"": [1, 2]}","{""predictions"": [28.57, 51.09, 20.34], ""scorePrediction"": [1, 2]}","{""predictions"": [35.27, 64.73, 0.0], ""scorePrediction"": [1, 2]}","{""predictions"": [36.6, 40.81, 22.59], ""scorePrediction"": [1, 2]}","{""predictions"": [49.28, 50.72, 0.0], ""scorePrediction"": [1, 2]}","{""predictions"": [24.55, 57.23, 18.22], ""scorePrediction"": [1, 2]}","{""predictions"": [30.4, 69.6, 0.0], ""scorePrediction"": [1, 2]}","{""predictions"": [43.19, 32.31, 24.5], ""scorePrediction"": [2, 1]}","{""predictions"": [57.25, 42.75, 0.0], ""scorePrediction"": [2, 1]}","{""predictions"": [44.41, 32.23, 23.36], ""scorePrediction"": [2, 1]}","{""predictions"": [57.7, 42.3, 0.0], ""scorePrediction"": [2, 1]}","{""predictions"": [35.15, 42.2, 22.65], ""scorePrediction"": [1, 2]}","{""predictions"": [46.07, 53.93, 0.0], ""scorePrediction"": [1, 2]}","{""predictions"": [45.29, 30.74, 23.97], ""scorePrediction"": [2, 1]}","{""predictions"": [58.04, 41.96, 0.0], ""scorePrediction"": [2, 1]}","{""predictions"": [40.16, 36.07, 23.77], ""scorePrediction"": [2, 1]}","{""predictions"": [51.97, 48.03, 0.0], ""scorePrediction"": [2, 1]}","{""predictions"": [28.76, 50.52, 20.72], ""scorePrediction"": [1, 2]}","{""predictions"": [36.84, 63.16, 0.0], ""scorePrediction"": [1, 2]}","{""predictions"": [36.95, 40.13, 22.92], ""scorePrediction"": [1, 2]}","{""predictions"": [49.31, 50.69, 0.0], ""scorePrediction"": [1, 2]}","{""predictions"": [34.75, 43.59, 21.66], ""scorePrediction"": [1, 2]}","{""predictions"": [43.53, 56.47, 0.0], ""scorePrediction"": [1, 2]}","{""predictions"": [43.4, 32.67, 23.93], ""scorePrediction"": [2, 1]}","{""predictions"": [57.16, 42.84, 0.0], ""scorePrediction"": [2, 1]}"
Czechia,"{""predictions"": [49.29, 27.66, 23.05], ""scorePrediction"": [2, 1]}","{""predictions"": [64.51, 35.49, 0.0], ""scorePrediction"": [2, 1]}","{""predictions"": [39.07, 37.96, 22.97], ""scorePrediction"": [2, 1]}","{""predictions"": [50.8, 49.2, 0.0], ""scorePrediction"": [2, 1]}","{""predictions"": [30.83, 47.95, 21.22], ""scorePrediction"": [1, 2]}","{""predictions"": [40.14, 59.86, 0.0], ""scorePrediction"": [1, 2]}","{""predictions"": [40.03, 37.19, 22.78], ""scorePrediction"": [2, 1]}","{""predictions"": [53.13, 46.87, 0.0], ""scorePrediction"": [2, 1]}",,,"{""predictions"": [35.2, 43.74, 21.06], ""scorePrediction"": [1, 2]}","{""predictions"": [43.82, 56.18, 0.0], ""scorePrediction"": [1, 2]}","{""predictions"": [30.65, 48.79, 20.56], ""scorePrediction"": [1, 2]}","{""predictions"": [38.8, 61.2, 0.0], ""scorePrediction"": [1, 2]}","{""predictions"": [27.93, 52.02, 20.05], ""scorePrediction"": [1, 2]}","{""predictions"": [36.1, 63.9, 0.0], ""scorePrediction"": [1, 2]}","{""predictions"": [42.7, 34.58, 22.72], ""scorePrediction"": [2, 1]}","{""predictions"": [54.45, 45.55, 0.0], ""scorePrediction"": [2, 1]}","{""predictions"": [32.42, 46.8, 20.78], ""scorePrediction"": [1, 2]}","{""predictions"": [39.63, 60.37, 0.0], ""scorePrediction"": [1, 2]}","{""predictions"": [41.15, 35.42, 23.43], ""scorePrediction"": [2, 1]}","{""predictions"": [54.93, 45.07, 0.0], ""scorePrediction"": [2, 1]}","{""predictions"": [36.24, 42.29, 21.47], ""scorePrediction"": [1, 2]}","{""predictions"": [46.12, 53.88, 0.0], ""scorePrediction"": [1, 2]}","{""predictions"": [28.27, 51.43, 20.3], ""scorePrediction"": [1, 2]}","{""predictions"": [35.73, 64.27, 0.0], ""scorePrediction"": [1, 2]}","{""predictions"": [38.44, 38.71, 22.85], ""scorePrediction"": [1, 2]}","{""predictions"": [49.59, 50.41, 0.0], ""scorePrediction"": [1, 2]}","{""predictions"": [24.9, 56.07, 19.03], ""scorePrediction"": [1, 2]}","{""predictions"": [31.68, 68.32, 0.0], ""scorePrediction"": [1, 2]}","{""predictions"": [45.23, 30.41, 24.36], ""scorePrediction"": [2, 1]}","{""predictions"": [59.56, 40.44, 0.0], ""scorePrediction"": [2, 1]}","{""predictions"": [44.68, 32.13, 23.19], ""scorePrediction"": [2, 1]}","{""predictions"": [59.44, 40.56, 0.0], ""scorePrediction"": [2, 1]}","{""predictions"": [36.49, 41.25, 22.26], ""scorePrediction"": [1, 2]}","{""predictions"": [47.66, 52.34, 0.0], ""scorePrediction"": [1, 2]}","{""predictions"": [47.2, 29.63, 23.17], ""scorePrediction"": [2, 1]}","{""predictions"": [60.34, 39.66, 0.0], ""scorePrediction"": [2, 1]}","{""predictions"": [41.8, 35.91, 22.29], ""scorePrediction"": [2, 1]}","{""predictions"": [54.58, 45.42, 0.0], ""scorePrediction"": [2, 1]}","{""predictions"": [30.47, 48.59, 20.94], ""scorePrediction"": [1, 2]}","{""predictions"": [38.39, 61.61, 0.0], ""scorePrediction"": [1, 2]}","{""predictions"": [38.34, 39.11, 22.55], ""scorePrediction"": [1, 2]}","{""predictions"": [50.18, 49.82, 0.0], ""scorePrediction"": [2, 1]}","{""predictions"": [35.41, 42.1, 22.49], ""scorePrediction"": [1, 2]}","{""predictions"": [46.25, 53.75, 0.0], ""scorePrediction"": [1, 2]}","{""predictions"": [45.15, 31.33, 23.52], ""scorePrediction"": [2, 1]}","{""predictions"": [59.25, 40.75, 0.0], ""scorePrediction"": [2, 1]}"
Denmark,"{""predictions"": [54.05, 23.59, 22.36], ""scorePrediction"": [2, 1]}","{""predictions"": [70.47, 29.53, 0.0], ""scorePrediction"": [2, 1]}","{""predictions"": [44.96, 33.69, 21.35], ""scorePrediction"": [2, 1]}","{""predictions"": [56.18, 43.82, 0.0], ""scorePrediction"": [2, 1]}","{""predictions"": [37.16, 42.74, 20.1], ""scorePrediction"": [1, 2]}","{""predictions"": [45.52, 54.48, 0.0], ""scorePrediction"": [1, 2]}","{""predictions"": [45.35, 32.99, 21.66], ""scorePrediction"": [2, 1]}","{""predictions"": [57.93, 42.07, 0.0], ""scorePrediction"": [2, 1]}","{""predictions"": [43.74, 34.76, 21.5], ""scorePrediction"": [2, 1]}","{""predictions"": [57.01, 42.99, 0.0], ""scorePrediction"": [2, 1]}",,,"{""predictions"": [36.33, 43.82, 19.85], ""scorePrediction"": [1, 2]}","{""predictions"": [44.03, 55.97, 0.0], ""scorePrediction"": [1, 2]}","{""predictions"": [32.94, 47.36, 19.7], ""scorePrediction"": [1, 2]}","{""predictions"": [41.0, 59.0, 0.0], ""scorePrediction"": [1, 2]}","{""predictions"": [48.97, 29.37, 21.66], ""scorePrediction"": [2, 1]}","{""predictions"": [60.36, 39.64, 0.0], ""scorePrediction"": [2, 1]}","{""predictions"": [37.39, 42.3, 20.31], ""scorePrediction"": [1, 2]}","{""predictions"": [47.51, 52.49, 0.0], ""scorePrediction"": [1, 2]}","{""predictions"": [47.85, 30.93, 21.22], ""scorePrediction"": [2, 1]}","{""predictions"": [61.45, 38.55, 0.0], ""scorePrediction"": [2, 1]}","{""predictions"": [42.0, 37.22, 20.78], ""scorePrediction"": [2, 1]}","{""predictions"": [53.88, 46.12, 0.0], ""scorePrediction"": [2, 1]}","{""predictions"": [34.3, 46.34, 19.36], ""scorePrediction"": [1, 2]}","{""predictions"": [41.47, 58.53, 0.0], ""scorePrediction"": [1, 2]}","{""predictions"": [44.81, 33.52, 21.67], ""scorePrediction"": [2, 1]}","{""predictions"": [57.11, 42.89, 0.0], ""scorePrediction"": [2, 1]}","{""predictions"": [30.45, 50.37, 19.18], ""scorePrediction"": [1, 2]}","{""predictions"": [37.02, 62.98, 0.0], ""scorePrediction"": [1, 2]}","{""predictions"": [50.78, 27.25, 21.97], ""scorePrediction"": [2, 1]}","{""predictions"": [64.9, 35.1, 0.0], ""scorePrediction"": [2, 1]}","{""predictions"": [49.59, 28.2, 22.21], ""scorePrediction"": [2, 1]}","{""predictions"": [64.54, 35.46, 0.0], ""scorePrediction"": [2, 1]}","{""predictions"": [41.25, 37.26, 21.49], ""scorePrediction"": [2, 1]}","{""predictions"": [54.07, 45.93, 0.0], ""scorePrediction"": [2, 1]}","{""predictions"": [53.18, 25.38, 21.44], ""scorePrediction"": [2, 1]}","{""predictions"": [66.75, 33.25, 0.0], ""scorePrediction"": [2, 1]}","{""predictions"": [48.92, 29.99, 21.09], ""scorePrediction"": [2, 1]}","{""predictions"": [60.48, 39.52, 0.0], ""scorePrediction"": [2, 1]}","{""predictions"": [36.7, 43.06, 20.24], ""scorePrediction"": [1, 2]}","{""predictions"": [44.46, 55.54, 0.0], ""scorePrediction"": [1, 2]}","{""predictions"": [44.45, 33.67, 21.88], ""scorePrediction"": [2, 1]}","{""predictions"": [55.97, 44.03, 0.0], ""scorePrediction"": [2, 1]}","{""predictions"": [41.51, 37.59, 20.9], ""scorePrediction"": [2, 1]}","{""predictions"": [51.35, 48.65, 0.0], ""scorePrediction"": [2, 1]}","{""predictions"": [49.4, 28.42, 22.18], ""scorePrediction"": [2, 1]}","{""predictions"": [63.73, 36.27, 0.0], ""scorePrediction"": [2, 1]}"
England,"{""predictions"": [59.26, 20.83, 19.91], ""scorePrediction"": [2, 1]}","{""predictions"": [74.17, 25.83, 0.0], ""scorePrediction"": [2, 1]}","{""predictions"": [49.87, 30.18, 19.95], ""scorePrediction"": [2, 1]}","{""predictions"": [62.46, 37.54, 0.0], ""scorePrediction"": [2, 1]}","{""predictions"": [41.14, 39.36, 19.5], ""scorePrediction"": [2, 1]}","{""predictions"": [51.39, 48.61, 0.0], ""scorePrediction"": [2, 1]}","{""predictions"": [51.34, 28.41, 20.25], ""scorePrediction"": [2, 1]}","{""predictions"": [63.97, 36.03, 0.0], ""scorePrediction"": [2, 1]}","{""predictions"": [49.16, 30.64, 20.2], ""scorePrediction"": [2, 1]}","{""predictions"": [61.39, 38.61, 0.0], ""scorePrediction"": [2, 1]}","{""predictions"": [43.92, 35.94, 20.14], ""scorePrediction"": [2, 1]}","{""predictions"": [55.15, 44.85, 0.0], ""scorePrediction"": [2, 1]}",,,"{""predictions"": [37.69, 42.79, 19.52], ""scorePrediction"": [1, 2]}","{""predictions"": [46.27, 53.73, 0.0], ""scorePrediction"": [1, 2]}","{""predictions"": [51.95, 27.44, 20.61], ""scorePrediction"": [2, 1]}","{""predictions"": [64.88, 35.12, 0.0], ""scorePrediction"": [2, 1]}","{""predictions"": [41.9, 38.56, 19.54], ""scorePrediction"": [2, 1]}","{""predictions"": [52.45, 47.55, 0.0], ""scorePrediction"": [2, 1]}","{""predictions"": [51.88, 27.23, 20.89], ""scorePrediction"": [2, 1]}","{""predictions"": [65.75, 34.25, 0.0], ""scorePrediction"": [2, 1]}","{""predictions"": [46.15, 33.7, 20.15], ""scorePrediction"": [2, 1]}","{""predictions"": [57.99, 42.01, 0.0], ""scorePrediction"": [2, 1]}","{""predictions"": [38.28, 42.19, 19.53], ""scorePrediction"": [1, 2]}","{""predictions"": [47.07, 52.93, 0.0], ""scorePrediction"": [1, 2]}","{""predictions"": [48.76, 30.81, 20.43], ""scorePrediction"": [2, 1]}","{""predictions"": [60.6, 39.4, 0.0], ""scorePrediction"": [2, 1]}","{""predictions"": [34.95, 46.89, 18.16], ""scorePrediction"": [1, 2]}","{""predictions"": [42.86, 57.14, 0.0], ""scorePrediction"": [1, 2]}","{""predictions"": [55.75, 24.01, 20.24], ""scorePrediction"": [2, 1]}","{""predictions"": [70.12, 29.88, 0.0], ""scorePrediction"": [2, 1]}","{""predictions"": [54.3, 25.43, 20.27], ""scorePrediction"": [2, 1]}","{""predictions"": [68.97, 31.03, 0.0], ""scorePrediction"": [2, 1]}","{""predictions"": [46.74, 32.57, 20.69], ""scorePrediction"": [2, 1]}","{""predictions"": [57.29, 42.71, 0.0], ""scorePrediction"": [2, 1]}","{""predictions"": [57.41, 22.28, 20.31], ""scorePrediction"": [2, 1]}","{""predictions"": [72.28, 27.72, 0.0], ""scorePrediction"": [2, 1]}","{""predictions"": [52.86, 27.21, 19.93], ""scorePrediction"": [2, 1]}","{""predictions"": [65.57, 34.43, 0.0], ""scorePrediction"": [2, 1]}","{""predictions"": [40.2, 39.81, 19.99], ""scorePrediction"": [2, 1]}","{""predictions"": [50.15, 49.85, 0.0], ""scorePrediction"": [2, 1]}","{""predictions"": [48.63, 30.84, 20.53], ""scorePrediction"": [2, 1]}","{""predictions"": [61.05, 38.95, 0.0], ""scorePrediction"": [2, 1]}","{""predictions"": [45.52, 34.86, 19.62], ""scorePrediction"": [2, 1]}","{""predictions"": [56.92, 43.08, 0.0], ""scorePrediction"": [2, 1]}","{""predictions"": [55.43, 23.92, 20.65], ""scorePrediction"": [2, 1]}","{""predictions"": [69.81, 30.19, 0.0], ""scorePrediction"": [2, 1]}"
France,"{""predictions"": [62.37, 18.66, 18.97], ""scorePrediction"": [2, 1]}","{""predictions"": [77.53, 22.47, 0.0], ""scorePrediction"": [2, 1]}","{""predictions"": [51.11, 28.6, 20.29], ""scorePrediction"": [2, 1]}","{""predictions"": [63.83, 36.17, 0.0], ""scorePrediction"": [2, 1]}","{""predictions"": [43.43, 37.63, 18.94], ""scorePrediction"": [2, 1]}","{""predictions"": [53.92, 46.08, 0.0], ""scorePrediction"": [2, 1]}","{""predictions"": [53.28, 27.15, 19.57], ""scorePrediction"": [2, 1]}","{""predictions"": [65.07, 34.93, 0.0], ""scorePrediction"": [2, 1]}","{""predictions"": [52.35, 28.58, 19.07], ""scorePrediction"": [2, 1]}","{""predictions"": [64.63, 35.37, 0.0], ""scorePrediction"": [2, 1]}","{""predictions"": [47.82, 33.08, 19.1], ""scorePrediction"": [2, 1]}","{""predictions"": [58.92, 41.08, 0.0], ""scorePrediction"": [2, 1]}","{""predictions"": [42.28, 37.98, 19.74], ""scorePrediction"": [2, 1]}","{""predictions"": [53.68, 46.32, 0.0], ""scorePrediction"": [2, 1]}",,,"{""predictions"": [54.42, 25.86, 19.72], ""scorePrediction"": [2, 1]}","{""predictions"": [68.29, 31.71, 0.0], ""scorePrediction"": [2, 1]}","{""predictions"": [43.71, 36.79, 19.5], ""scorePrediction"": [2, 1]}","{""predictions"": [55.44, 44.56, 0.0], ""scorePrediction"": [2, 1]}","{""predictions"": [54.46, 25.78, 19.76], ""scorePrediction"": [2, 1]}","{""predictions"": [67.46, 32.54, 0.0], ""scorePrediction"": [2, 1]}","{""predictions"": [48.3, 31.67, 20.03], ""scorePrediction"": [2, 1]}","{""predictions"": [60.8, 39.2, 0.0], ""scorePrediction"": [2, 1]}","{""predictions"": [40.54, 39.91, 19.55], ""scorePrediction"": [2, 1]}","{""predictions"": [50.33, 49.67, 0.0], ""scorePrediction"": [2, 1]}","{""predictions"": [51.44, 28.92, 19.64], ""scorePrediction"": [2, 1]}","{""predictions"": [64.18, 35.82, 0.0], ""scorePrediction"": [2, 1]}","{""predictions"": [37.66, 43.38, 18.96], ""scorePrediction"": [1, 2]}","{""predictions"": [46.13, 53.87, 0.0], ""scorePrediction"": [2, 3]}","{""predictions"": [57.2, 23.11, 19.69], ""scorePrediction"": [2, 1]}","{""predictions"": [72.8, 27.2, 0.0], ""scorePrediction"": [2, 1]}","{""predictions"": [57.57, 22.59, 19.84], ""scorePrediction"": [2, 1]}","{""predictions"": [72.24, 27.76, 0.0], ""scorePrediction"": [2, 1]}","{""predictions"": [49.69, 30.94, 19.37], ""scorePrediction"": [2, 1]}","{""predictions"": [61.97, 38.03, 0.0], ""scorePrediction"": [2, 1]}","{""predictions"": [59.81, 20.84, 19.35], ""scorePrediction"": [2, 1]}","{""predictions"": [74.1, 25.9, 0.0], ""scorePrediction"": [2, 1]}","{""predictions"": [54.11, 25.73, 20.16], ""scorePrediction"": [2, 1]}","{""predictions"": [68.61, 31.39, 0.0], ""scorePrediction"": [2, 1]}","{""predictions"": [43.24, 38.03, 18.73], ""scorePrediction"": [2, 1]}","{""predictions"": [53.5, 46.5, 0.0], ""scorePrediction"": [2, 1]}","{""predictions"": [51.78, 28.57, 19.65], ""scorePrediction"": [2, 1]}","{""predictions"": [63.82, 36.18, 0.0], ""scorePrediction"": [2, 1]}","{""predictions"": [48.63, 31.68, 19.69], ""scorePrediction"": [2, 1]}","{""predictions"": [60.57, 39.43, 0.0], ""scorePrediction"": [2, 1]}","{""predictions"": [58.28, 22.11, 19.61], ""scorePrediction"": [2, 1]}","{""predictions"": [71.73, 28.27, 0.0], ""scorePrediction"": [2, 1]}"
Georgia,"{""predictions"": [44.72, 29.95, 25.33], ""scorePrediction"": [1, 0]}","{""predictions"": [60.51, 39.49, 0.0], ""scorePrediction"": [1, 0]}","{""predictions"": [35.16, 41.45, 23.39], ""scorePrediction"": [1, 2]}","{""predictions"": [45.31, 54.69, 0.0], ""scorePrediction"": [1, 2]}","{""predictions"": [27.83, 50.97, 21.2], ""scorePrediction"": [1, 2]}","{""predictions"": [34.94, 65.06, 0.0], ""scorePrediction"": [1, 2]}","{""predictions"": [36.02, 40.18, 23.8], ""scorePrediction"": [1, 2]}","{""predictions"": [46.49, 53.51, 0.0], ""scorePrediction"": [1, 2]}","{""predictions"": [35.06, 41.56, 23.38], ""scorePrediction"": [1, 2]}","{""predictions"": [46.55, 53.45, 0.0], ""scorePrediction"": [1, 2]}","{""predictions"": [30.72, 47.4, 21.88], ""scorePrediction"": [1, 2]}","{""predictions"": [39.97, 60.03, 0.0], ""scorePrediction"": [1, 2]}","{""predictions"": [27.1, 52.71, 20.19], ""scorePrediction"": [1, 2]}","{""predictions"": [34.44, 65.56, 0.0], ""scorePrediction"": [1, 2]}","{""predictions"": [24.68, 55.54, 19.78], ""scorePrediction"": [1, 2]}","{""predictions"": [31.63, 68.37, 0.0], ""scorePrediction"": [1, 2]}",,,"{""predictions"": [28.02, 51.22, 20.76], ""scorePrediction"": [1, 2]}","{""predictions"": [34.89, 65.11, 0.0], ""scorePrediction"": [1, 2]}","{""predictions"": [38.42, 37.31, 24.27], ""scorePrediction"": [2, 1]}","{""predictions"": [49.19, 50.81, 0.0], ""scorePrediction"": [1, 2]}","{""predictions"": [32.86, 44.89, 22.25], ""scorePrediction"": [1, 2]}","{""predictions"": [42.09, 57.91, 0.0], ""scorePrediction"": [1, 2]}","{""predictions"": [25.54, 54.73, 19.73], ""scorePrediction"": [1, 2]}","{""predictions"": [31.37, 68.63, 0.0], ""scorePrediction"": [1, 2]}","{""predictions"": [34.42, 42.69, 22.89], ""scorePrediction"": [1, 2]}","{""predictions"": [44.88, 55.12, 0.0], ""scorePrediction"": [1, 2]}","{""predictions"": [22.13, 58.67, 19.2], ""scorePrediction"": [1, 2]}","{""predictions"": [26.71, 73.29, 0.0], ""scorePrediction"": [1, 2]}","{""predictions"": [41.76, 34.18, 24.06], ""scorePrediction"": [2, 1]}","{""predictions"": [53.48, 46.52, 0.0], ""scorePrediction"": [2, 1]}","{""predictions"": [41.87, 34.43, 23.7], ""scorePrediction"": [2, 1]}","{""predictions"": [53.8, 46.2, 0.0], ""scorePrediction"": [2, 1]}","{""predictions"": [32.97, 44.16, 22.87], ""scorePrediction"": [1, 2]}","{""predictions"": [41.48, 58.52, 0.0], ""scorePrediction"": [1, 2]}","{""predictions"": [41.32, 32.83, 25.85], ""scorePrediction"": [2, 1]}","{""predictions"": [56.17, 43.83, 0.0], ""scorePrediction"": [1, 0]}","{""predictions"": [37.47, 37.92, 24.61], ""scorePrediction"": [1, 2]}","{""predictions"": [48.57, 51.43, 0.0], ""scorePrediction"": [1, 2]}","{""predictions"": [26.57, 52.74, 20.69], ""scorePrediction"": [1, 2]}","{""predictions"": [32.97, 67.03, 0.0], ""scorePrediction"": [1, 2]}","{""predictions"": [35.2, 42.49, 22.31], ""scorePrediction"": [1, 2]}","{""predictions"": [45.13, 54.87, 0.0], ""scorePrediction"": [1, 2]}","{""predictions"": [31.9, 45.14, 22.96], ""scorePrediction"": [1, 2]}","{""predictions"": [41.28, 58.72, 0.0], ""scorePrediction"": [1, 2]}","{""predictions"": [40.94, 34.9, 24.16], ""scorePrediction"": [2, 1]}","{""predictions"": [54.34, 45.66, 0.0], ""scorePrediction"": [2, 1]}"
Germany,"{""predictions"": [58.39, 21.31, 20.3], ""scorePrediction"": [2, 1]}","{""predictions"": [74.6, 25.4, 0.0], ""scorePrediction"": [2, 1]}","{""predictions"": [47.12, 31.72, 21.16], ""scorePrediction"": [2, 1]}","{""predictions"": [60.15, 39.85, 0.0], ""scorePrediction"": [2, 1]}","{""predictions"": [39.91, 40.24, 19.85], ""scorePrediction"": [1, 2]}","{""predictions"": [49.62, 50.38, 0.0], ""scorePrediction"": [1, 2]}","{""predictions"": [48.49, 30.43, 21.08], ""scorePrediction"": [2, 1]}","{""predictions"": [61.48, 38.52, 0.0], ""scorePrediction"": [2, 1]}","{""predictions"": [47.03, 32.18, 20.79], ""scorePrediction"": [2, 1]}","{""predictions"": [59.37, 40.63, 0.0], ""scorePrediction"": [2, 1]}","{""predictions"": [42.09, 37.38, 20.53], ""scorePrediction"": [2, 1]}","{""predictions"": [54.07, 45.93, 0.0], ""scorePrediction"": [2, 1]}","{""predictions"": [38.56, 41.04, 20.4], ""scorePrediction"": [1, 2]}","{""predictions"": [48.63, 51.37, 0.0], ""scorePrediction"": [1, 2]}","{""predictions"": [36.24, 44.63, 19.13], ""scorePrediction"": [1, 2]}","{""predictions"": [44.71, 55.29, 0.0], ""scorePrediction"": [1, 2]}","{""predictions"": [51.26, 27.83, 20.91], ""scorePrediction"": [2, 1]}","{""predictions"": [63.76, 36.24, 0.0], ""scorePrediction"": [2, 1]}",,,"{""predictions"": [50.18, 28.93, 20.89], ""scorePrediction"": [2, 1]}","{""predictions"": [64.4, 35.6, 0.0], ""scorePrediction"": [2, 1]}","{""predictions"": [44.36, 35.11, 20.53], ""scorePrediction"": [2, 1]}","{""predictions"": [55.55, 44.45, 0.0], ""scorePrediction"": [2, 1]}","{""predictions"": [37.24, 42.46, 20.3], ""scorePrediction"": [1, 2]}","{""predictions"": [45.55, 54.45, 0.0], ""scorePrediction"": [1, 2]}","{""predictions"": [47.28, 32.15, 20.57], ""scorePrediction"": [2, 1]}","{""predictions"": [58.97, 41.03, 0.0], ""scorePrediction"": [2, 1]}","{""predictions"": [33.28, 47.92, 18.8], ""scorePrediction"": [1, 2]}","{""predictions"": [40.63, 59.37, 0.0], ""scorePrediction"": [1, 2]}","{""predictions"": [53.3, 25.01, 21.69], ""scorePrediction"": [2, 1]}","{""predictions"": [68.14, 31.86, 0.0], ""scorePrediction"": [2, 1]}","{""predictions"": [54.21, 25.0, 20.79], ""scorePrediction"": [2, 1]}","{""predictions"": [68.84, 31.16, 0.0], ""scorePrediction"": [2, 1]}","{""predictions"": [45.53, 34.4, 20.07], ""scorePrediction"": [2, 1]}","{""predictions"": [56.53, 43.47, 0.0], ""scorePrediction"": [2, 1]}","{""predictions"": [55.75, 23.09, 21.16], ""scorePrediction"": [2, 1]}","{""predictions"": [70.08, 29.92, 0.0], ""scorePrediction"": [2, 1]}","{""predictions"": [50.72, 28.2, 21.08], ""scorePrediction"": [2, 1]}","{""predictions"": [63.11, 36.89, 0.0], ""scorePrediction"": [2, 1]}","{""predictions"": [39.54, 41.24, 19.22], ""scorePrediction"": [1, 2]}","{""predictions"": [48.85, 51.15, 0.0], ""scorePrediction"": [1, 2]}","{""predictions"": [47.46, 31.53, 21.01], ""scorePrediction"": [2, 1]}","{""predictions"": [60.88, 39.12, 0.0], ""scorePrediction"": [2, 1]}","{""predictions"": [44.71, 34.73, 20.56], ""scorePrediction"": [2, 1]}","{""predictions"": [55.8, 44.2, 0.0], ""scorePrediction"": [2, 1]}","{""predictions"": [54.04, 25.03, 20.93], ""scorePrediction"": [2, 1]}","{""predictions"": [68.65, 31.35, 0.0], ""scorePrediction"": [2, 1]}"
Hungary,"{""predictions"": [44.57, 29.2, 26.23], ""scorePrediction"": [1, 0]}","{""predictions"": [59.78, 40.22, 0.0], ""scorePrediction"": [1, 0]}","{""predictions"": [36.13, 40.91, 22.96], ""scorePrediction"": [1, 2]}","{""predictions"": [45.59, 54.41, 0.0], ""scorePrediction"": [1, 2]}","{""predictions"": [27.6, 51.74, 20.66], ""scorePrediction"": [1, 2]}","{""predictions"": [34.75, 65.25, 0.0], ""scorePrediction"": [1, 2]}","{""predictions"": [35.94, 40.29, 23.77], ""scorePrediction"": [1, 2]}","{""predictions"": [47.6, 52.4, 0.0], ""scorePrediction"": [1, 2]}","{""predictions"": [34.25, 42.85, 22.9], ""scorePrediction"": [1, 2]}","{""predictions"": [45.18, 54.82, 0.0], ""scorePrediction"": [1, 2]}","{""predictions"": [30.75, 47.65, 21.6], ""scorePrediction"": [1, 2]}","{""predictions"": [39.64, 60.36, 0.0], ""scorePrediction"": [1, 2]}","{""predictions"": [27.82, 51.69, 20.49], ""scorePrediction"": [1, 2]}","{""predictions"": [35.12, 64.88, 0.0], ""scorePrediction"": [1, 2]}","{""predictions"": [25.19, 54.87, 19.94], ""scorePrediction"": [1, 2]}","{""predictions"": [31.27, 68.73, 0.0], ""scorePrediction"": [1, 2]}","{""predictions"": [37.69, 37.97, 24.34], ""scorePrediction"": [1, 2]}","{""predictions"": [50.13, 49.87, 0.0], ""scorePrediction"": [2, 1]}","{""predictions"": [27.67, 51.7, 20.63], ""scorePrediction"": [1, 2]}","{""predictions"": [35.08, 64.92, 0.0], ""scorePrediction"": [1, 2]}",,,"{""predictions"": [32.21, 45.4, 22.39], ""scorePrediction"": [1, 2]}","{""predictions"": [42.07, 57.93, 0.0], ""scorePrediction"": [1, 2]}","{""predictions"": [26.64, 53.87, 19.49], ""scorePrediction"": [1, 2]}","{""predictions"": [31.38, 68.62, 0.0], ""scorePrediction"": [1, 2]}","{""predictions"": [35.69, 41.85, 22.46], ""scorePrediction"": [1, 2]}","{""predictions"": [45.21, 54.79, 0.0], ""scorePrediction"": [1, 2]}","{""predictions"": [22.24, 59.38, 18.38], ""scorePrediction"": [1, 2]}","{""predictions"": [28.11, 71.89, 0.0], ""scorePrediction"": [1, 2]}","{""predictions"": [42.28, 33.27, 24.45], ""scorePrediction"": [2, 1]}","{""predictions"": [54.66, 45.34, 0.0], ""scorePrediction"": [2, 1]}","{""predictions"": [41.3, 34.01, 24.69], ""scorePrediction"": [2, 1]}","{""predictions"": [54.21, 45.79, 0.0], ""scorePrediction"": [2, 1]}","{""predictions"": [32.6, 44.23, 23.17], ""scorePrediction"": [1, 2]}","{""predictions"": [42.51, 57.49, 0.0], ""scorePrediction"": [1, 2]}","{""predictions"": [43.1, 32.38, 24.52], ""scorePrediction"": [2, 1]}","{""predictions"": [56.7, 43.3, 0.0], ""scorePrediction"": [2, 1]}","{""predictions"": [38.61, 37.86, 23.53], ""scorePrediction"": [2, 1]}","{""predictions"": [49.23, 50.77, 0.0], ""scorePrediction"": [1, 2]}","{""predictions"": [27.57, 51.36, 21.07], ""scorePrediction"": [1, 2]}","{""predictions"": [34.55, 65.45, 0.0], ""scorePrediction"": [1, 2]}","{""predictions"": [35.3, 42.47, 22.23], ""scorePrediction"": [1, 2]}","{""predictions"": [46.28, 53.72, 0.0], ""scorePrediction"": [1, 2]}","{""predictions"": [32.77, 45.58, 21.65], ""scorePrediction"": [1, 2]}","{""predictions"": [41.86, 58.14, 0.0], ""scorePrediction"": [1, 2]}","{""predictions"": [40.94, 34.39, 24.67], ""scorePrediction"": [2, 1]}","{""predictions"": [54.61, 45.39, 0.0], ""scorePrediction"": [2, 1]}"
Italy,"{""predictions"": [51.71, 26.1, 22.19], ""scorePrediction"": [2, 1]}","{""predictions"": [67.8, 32.2, 0.0], ""scorePrediction"": [2, 1]}","{""predictions"": [42.35, 35.63, 22.02], ""scorePrediction"": [2, 1]}","{""predictions"": [55.45, 44.55, 0.0], ""scorePrediction"": [2, 1]}","{""predictions"": [33.64, 45.32, 21.04], ""scorePrediction"": [1, 2]}","{""predictions"": [42.7, 57.3, 0.0], ""scorePrediction"": [1, 2]}","{""predictions"": [43.37, 35.32, 21.31], ""scorePrediction"": [2, 1]}","{""predictions"": [55.8, 44.2, 0.0], ""scorePrediction"": [2, 1]}","{""predictions"": [42.36, 35.78, 21.86], ""scorePrediction"": [2, 1]}","{""predictions"": [53.74, 46.26, 0.0], ""scorePrediction"": [2, 1]}","{""predictions"": [37.19, 41.92, 20.89], ""scorePrediction"": [1, 2]}","{""predictions"": [46.7, 53.3, 0.0], ""scorePrediction"": [1, 2]}","{""predictions"": [33.17, 46.55, 20.28], ""scorePrediction"": [1, 2]}","{""predictions"": [42.13, 57.87, 0.0], ""scorePrediction"": [1, 2]}","{""predictions"": [30.7, 49.14, 20.16], ""scorePrediction"": [1, 2]}","{""predictions"": [38.6, 61.4, 0.0], ""scorePrediction"": [1, 2]}","{""predictions"": [44.34, 32.81, 22.85], ""scorePrediction"": [2, 1]}","{""predictions"": [57.94, 42.06, 0.0], ""scorePrediction"": [2, 1]}","{""predictions"": [34.3, 45.1, 20.6], ""scorePrediction"": [1, 2]}","{""predictions"": [44.24, 55.76, 0.0], ""scorePrediction"": [1, 2]}","{""predictions"": [44.68, 32.36, 22.96], ""scorePrediction"": [2, 1]}","{""predictions"": [57.74, 42.26, 0.0], ""scorePrediction"": [2, 1]}",,,"{""predictions"": [31.63, 48.02, 20.35], ""scorePrediction"": [1, 2]}","{""predictions"": [39.72, 60.28, 0.0], ""scorePrediction"": [1, 2]}","{""predictions"": [41.89, 35.69, 22.42], ""scorePrediction"": [2, 1]}","{""predictions"": [53.65, 46.35, 0.0], ""scorePrediction"": [2, 1]}","{""predictions"": [27.75, 53.88, 18.37], ""scorePrediction"": [1, 2]}","{""predictions"": [33.96, 66.04, 0.0], ""scorePrediction"": [1, 2]}","{""predictions"": [48.31, 28.52, 23.17], ""scorePrediction"": [2, 1]}","{""predictions"": [62.17, 37.83, 0.0], ""scorePrediction"": [2, 1]}","{""predictions"": [47.36, 29.09, 23.55], ""scorePrediction"": [2, 1]}","{""predictions"": [61.22, 38.78, 0.0], ""scorePrediction"": [2, 1]}","{""predictions"": [39.98, 38.77, 21.25], ""scorePrediction"": [2, 1]}","{""predictions"": [50.76, 49.24, 0.0], ""scorePrediction"": [2, 1]}","{""predictions"": [49.72, 26.89, 23.39], ""scorePrediction"": [2, 1]}","{""predictions"": [63.97, 36.03, 0.0], ""scorePrediction"": [2, 1]}","{""predictions"": [44.59, 33.08, 22.33], ""scorePrediction"": [2, 1]}","{""predictions"": [58.03, 41.97, 0.0], ""scorePrediction"": [2, 1]}","{""predictions"": [32.84, 47.34, 19.82], ""scorePrediction"": [1, 2]}","{""predictions"": [41.86, 58.14, 0.0], ""scorePrediction"": [1, 2]}","{""predictions"": [41.59, 36.79, 21.62], ""scorePrediction"": [2, 1]}","{""predictions"": [53.45, 46.55, 0.0], ""scorePrediction"": [2, 1]}","{""predictions"": [38.69, 40.34, 20.97], ""scorePrediction"": [1, 2]}","{""predictions"": [50.49, 49.51, 0.0], ""scorePrediction"": [2, 1]}","{""predictions"": [48.54, 28.28, 23.18], ""scorePrediction"": [2, 1]}","{""predictions"": [62.43, 37.57, 0.0], ""scorePrediction"": [2, 1]}"
Netherlands,"{""predictions"": [61.92, 18.67, 19.41], ""scorePrediction"": [2, 1]}","{""predictions"": [76.81, 23.19, 0.0], ""scorePrediction"": [2, 1]}","{""predictions"": [52.26, 28.01, 19.73], ""scorePrediction"": [2, 1]}","{""predictions"": [63.97, 36.03, 0.0], ""scorePrediction"": [2, 1]}","{""predictions"": [42.48, 37.84, 19.68], ""scorePrediction"": [2, 1]}","{""predictions"": [54.19, 45.81, 0.0], ""scorePrediction"": [2, 1]}","{""predictions"": [52.28, 27.51, 20.21], ""scorePrediction"": [2, 1]}","{""predictions"": [64.97, 35.03, 0.0], ""scorePrediction"": [2, 1]}","{""predictions"": [51.72, 28.25, 20.03], ""scorePrediction"": [2, 1]}","{""predictions"": [64.51, 35.49, 0.0], ""scorePrediction"": [2, 1]}","{""predictions"": [45.77, 34.17, 20.06], ""scorePrediction"": [2, 1]}","{""predictions"": [57.28, 42.72, 0.0], ""scorePrediction"": [2, 1]}","{""predictions"": [42.46, 38.37, 19.17], ""scorePrediction"": [2, 1]}","{""predictions"": [53.29, 46.71, 0.0], ""scorePrediction"": [2, 1]}","{""predictions"": [39.57, 41.12, 19.31], ""scorePrediction"": [1, 2]}","{""predictions"": [48.96, 51.04, 0.0], ""scorePrediction"": [1, 2]}","{""predictions"": [53.93, 25.9, 20.17], ""scorePrediction"": [2, 1]}","{""predictions"": [68.63, 31.37, 0.0], ""scorePrediction"": [2, 1]}","{""predictions"": [42.48, 36.86, 20.66], ""scorePrediction"": [2, 1]}","{""predictions"": [54.09, 45.91, 0.0], ""scorePrediction"": [2, 1]}","{""predictions"": [55.17, 24.79, 20.04], ""scorePrediction"": [2, 1]}","{""predictions"": [67.83, 32.17, 0.0], ""scorePrediction"": [2, 1]}","{""predictions"": [48.78, 31.27, 19.95], ""scorePrediction"": [2, 1]}","{""predictions"": [59.85, 40.15, 0.0], ""scorePrediction"": [2, 1]}",,,"{""predictions"": [50.54, 29.53, 19.93], ""scorePrediction"": [2, 1]}","{""predictions"": [64.46, 35.54, 0.0], ""scorePrediction"": [2, 1]}","{""predictions"": [37.1, 44.54, 18.36], ""scorePrediction"": [1, 2]}","{""predictions"": [44.33, 55.67, 0.0], ""scorePrediction"": [2, 3]}","{""predictions"": [57.69, 22.69, 19.62], ""scorePrediction"": [2, 1]}","{""predictions"": [71.99, 28.01, 0.0], ""scorePrediction"": [2, 1]}","{""predictions"": [57.76, 22.58, 19.66], ""scorePrediction"": [2, 1]}","{""predictions"": [70.24, 29.76, 0.0], ""scorePrediction"": [2, 1]}","{""predictions"": [48.49, 31.09, 20.42], ""scorePrediction"": [2, 1]}","{""predictions"": [61.4, 38.6, 0.0], ""scorePrediction"": [2, 1]}","{""predictions"": [59.47, 21.3, 19.23], ""scorePrediction"": [2, 1]}","{""predictions"": [73.01, 26.99, 0.0], ""scorePrediction"": [2, 1]}","{""predictions"": [54.32, 25.94, 19.74], ""scorePrediction"": [2, 1]}","{""predictions"": [67.56, 32.44, 0.0], ""scorePrediction"": [2, 1]}","{""predictions"": [42.45, 38.13, 19.42], ""scorePrediction"": [2, 1]}","{""predictions"": [51.44, 48.56, 0.0], ""scorePrediction"": [2, 1]}","{""predictions"": [51.55, 28.59, 19.86], ""scorePrediction"": [2, 1]}","{""predictions"": [64.17, 35.83, 0.0], ""scorePrediction"": [2, 1]}","{""predictions"": [47.7, 31.82, 20.48], ""scorePrediction"": [2, 1]}","{""predictions"": [60.7, 39.3, 0.0], ""scorePrediction"": [2, 1]}","{""predictions"": [58.1, 21.89, 20.01], ""scorePrediction"": [2, 1]}","{""predictions"": [71.55, 28.45, 0.0], ""scorePrediction"": [2, 1]}"
Poland,"{""predictions"": [49.37, 27.17, 23.46], ""scorePrediction"": [2, 1]}","{""predictions"": [64.17, 35.83, 0.0], ""scorePrediction"": [2, 1]}","{""predictions"": [39.9, 36.9, 23.2], ""scorePrediction"": [2, 1]}","{""predictions"": [51.36, 48.64, 0.0], ""scorePrediction"": [2, 1]}","{""predictions"": [31.35, 48.37, 20.28], ""scorePrediction"": [1, 2]}","{""predictions"": [39.93, 60.07, 0.0], ""scorePrediction"": [1, 2]}","{""predictions"": [40.34, 37.42, 22.24], ""scorePrediction"": [2, 1]}","{""predictions"": [51.22, 48.78, 0.0], ""scorePrediction"": [2, 1]}","{""predictions"": [38.74, 38.73, 22.53], ""scorePrediction"": [2, 1]}","{""predictions"": [50.76, 49.24, 0.0], ""scorePrediction"": [2, 1]}","{""predictions"": [34.71, 44.0, 21.29], ""scorePrediction"": [1, 2]}","{""predictions"": [43.65, 56.35, 0.0], ""scorePrediction"": [1, 2]}","{""predictions"": [31.01, 48.1, 20.89], ""scorePrediction"": [1, 2]}","{""predictions"": [38.65, 61.35, 0.0], ""scorePrediction"": [1, 2]}","{""predictions"": [28.41, 51.93, 19.66], ""scorePrediction"": [1, 2]}","{""predictions"": [37.15, 62.85, 0.0], ""scorePrediction"": [1, 2]}","{""predictions"": [42.53, 34.3, 23.17], ""scorePrediction"": [2, 1]}","{""predictions"": [56.15, 43.85, 0.0], ""scorePrediction"": [2, 1]}","{""predictions"": [30.85, 48.66, 20.49], ""scorePrediction"": [1, 2]}","{""predictions"": [39.1, 60.9, 0.0], ""scorePrediction"": [1, 2]}","{""predictions"": [42.22, 34.93, 22.85], ""scorePrediction"": [2, 1]}","{""predictions"": [53.98, 46.02, 0.0], ""scorePrediction"": [2, 1]}","{""predictions"": [36.53, 41.5, 21.97], ""scorePrediction"": [1, 2]}","{""predictions"": [45.92, 54.08, 0.0], ""scorePrediction"": [1, 2]}","{""predictions"": [29.26, 51.42, 19.32], ""scorePrediction"": [1, 2]}","{""predictions"": [36.64, 63.36, 0.0], ""scorePrediction"": [1, 2]}",,,"{""predictions"": [25.78, 55.73, 18.49], ""scorePrediction"": [1, 2]}","{""predictions"": [31.78, 68.22, 0.0], ""scorePrediction"": [1, 2]}","{""predictions"": [45.73, 30.87, 23.4], ""scorePrediction"": [2, 1]}","{""predictions"": [59.6, 40.4, 0.0], ""scorePrediction"": [2, 1]}","{""predictions"": [43.8, 32.56, 23.64], ""scorePrediction"": [2, 1]}","{""predictions"": [58.28, 41.72, 0.0], ""scorePrediction"": [2, 1]}","{""predictions"": [36.24, 42.17, 21.59], ""scorePrediction"": [1, 2]}","{""predictions"": [46.52, 53.48, 0.0], ""scorePrediction"": [1, 2]}","{""predictions"": [45.74, 29.89, 24.37], ""scorePrediction"": [2, 1]}","{""predictions"": [61.01, 38.99, 0.0], ""scorePrediction"": [2, 1]}","{""predictions"": [41.49, 33.91, 24.6], ""scorePrediction"": [2, 1]}","{""predictions"": [54.82, 45.18, 0.0], ""scorePrediction"": [2, 1]}","{""predictions"": [31.52, 48.59, 19.89], ""scorePrediction"": [1, 2]}","{""predictions"": [38.09, 61.91, 0.0], ""scorePrediction"": [1, 2]}","{""predictions"": [39.35, 37.74, 22.91], ""scorePrediction"": [2, 1]}","{""predictions"": [50.53, 49.47, 0.0], ""scorePrediction"": [2, 1]}","{""predictions"": [36.11, 41.69, 22.2], ""scorePrediction"": [1, 2]}","{""predictions"": [46.54, 53.46, 0.0], ""scorePrediction"": [1, 2]}","{""predictions"": [45.16, 30.92, 23.92], ""scorePrediction"": [2, 1]}","{""predictions"": [60.17, 39.83, 0.0], ""scorePrediction"": [2, 1]}"
Portugal,"{""predictions"": [65.52, 16.62, 17.86], ""scorePrediction"": [2, 1]}","{""predictions"": [81.02, 18.98, 0.0], ""scorePrediction"": [2, 1]}","{""predictions"": [55.67, 25.09, 19.24], ""scorePrediction"": [2, 1]}","{""predictions"": [69.16, 30.84, 0.0], ""scorePrediction"": [2, 1]}","{""predictions"": [47.95, 33.04, 19.01], ""scorePrediction"": [2, 1]}","{""predictions"": [58.64, 41.36, 0.0], ""scorePrediction"": [2, 1]}","{""predictions"": [57.11, 25.14, 17.75], ""scorePrediction"": [2, 1]}","{""predictions"": [69.46, 30.54, 0.0], ""scorePrediction"": [2, 1]}","{""predictions"": [55.88, 25.44, 18.68], ""scorePrediction"": [2, 1]}","{""predictions"": [69.24, 30.76, 0.0], ""scorePrediction"": [2, 1]}","{""predictions"": [50.61, 30.84, 18.55], ""scorePrediction"": [2, 1]}","{""predictions"": [63.43, 36.57, 0.0], ""scorePrediction"": [2, 1]}","{""predictions"": [46.13, 34.91, 18.96], ""scorePrediction"": [2, 1]}","{""predictions"": [56.86, 43.14, 0.0], ""scorePrediction"": [2, 1]}","{""predictions"": [44.03, 37.48, 18.49], ""scorePrediction"": [2, 1]}","{""predictions"": [54.49, 45.51, 0.0], ""scorePrediction"": [2, 1]}","{""predictions"": [57.07, 23.63, 19.3], ""scorePrediction"": [2, 1]}","{""predictions"": [72.3, 27.7, 0.0], ""scorePrediction"": [2, 1]}","{""predictions"": [48.14, 33.37, 18.49], ""scorePrediction"": [2, 1]}","{""predictions"": [59.13, 40.87, 0.0], ""scorePrediction"": [2, 1]}","{""predictions"": [58.02, 23.42, 18.56], ""scorePrediction"": [2, 1]}","{""predictions"": [72.17, 27.83, 0.0], ""scorePrediction"": [2, 1]}","{""predictions"": [53.36, 28.31, 18.33], ""scorePrediction"": [2, 1]}","{""predictions"": [64.72, 35.28, 0.0], ""scorePrediction"": [2, 1]}","{""predictions"": [45.64, 35.78, 18.58], ""scorePrediction"": [2, 1]}","{""predictions"": [54.35, 45.65, 0.0], ""scorePrediction"": [2, 1]}","{""predictions"": [55.16, 25.64, 19.2], ""scorePrediction"": [2, 1]}","{""predictions"": [67.79, 32.21, 0.0], ""scorePrediction"": [2, 1]}",,,"{""predictions"": [61.86, 19.14, 19.0], ""scorePrediction"": [2, 1]}","{""predictions"": [76.8, 23.2, 0.0], ""scorePrediction"": [2, 1]}","{""predictions"": [61.91, 19.96, 18.13], ""scorePrediction"": [2, 1]}","{""predictions"": [75.59, 24.41, 0.0], ""scorePrediction"": [2, 1]}","{""predictions"": [52.96, 28.31, 18.73], ""scorePrediction"": [2, 1]}","{""predictions"": [65.99, 34.01, 0.0], ""scorePrediction"": [2, 1]}","{""predictions"": [62.82, 18.71, 18.47], ""scorePrediction"": [2, 1]}","{""predictions"": [76.42, 23.58, 0.0], ""scorePrediction"": [2, 1]}","{""predictions"": [57.91, 23.55, 18.54], ""scorePrediction"": [2, 1]}","{""predictions"": [72.71, 27.29, 0.0], ""scorePrediction"": [2, 1]}","{""predictions"": [47.09, 34.89, 18.02], ""scorePrediction"": [2, 1]}","{""predictions"": [57.74, 42.26, 0.0], ""scorePrediction"": [2, 1]}","{""predictions"": [53.99, 26.38, 19.63], ""scorePrediction"": [2, 1]}","{""predictions"": [68.51, 31.49, 0.0], ""scorePrediction"": [2, 1]}","{""predictions"": [52.95, 28.51, 18.54], ""scorePrediction"": [2, 1]}","{""predictions"": [64.03, 35.97, 0.0], ""scorePrediction"": [2, 1]}","{""predictions"": [61.57, 20.29, 18.14], ""scorePrediction"": [2, 1]}","{""predictions"": [75.64, 24.36, 0.0], ""scorePrediction"": [2, 1]}"
Romania,"{""predictions"": [40.37, 33.07, 26.56], ""scorePrediction"": [1, 0]}","{""predictions"": [54.6, 45.4, 0.0], ""scorePrediction"": [1, 0]}","{""predictions"": [31.16, 44.26, 24.58], ""scorePrediction"": [1, 2]}","{""predictions"": [40.69, 59.31, 0.0], ""scorePrediction"": [1, 2]}","{""predictions"": [24.36, 55.07, 20.57], ""scorePrediction"": [1, 2]}","{""predictions"": [31.32, 68.68, 0.0], ""scorePrediction"": [1, 2]}","{""predictions"": [33.74, 42.96, 23.3], ""scorePrediction"": [1, 2]}","{""predictions"": [43.01, 56.99, 0.0], ""scorePrediction"": [1, 2]}","{""predictions"": [31.22, 44.79, 23.99], ""scorePrediction"": [1, 2]}","{""predictions"": [41.34, 58.66, 0.0], ""scorePrediction"": [1, 2]}","{""predictions"": [27.23, 50.79, 21.98], ""scorePrediction"": [1, 2]}","{""predictions"": [35.54, 64.46, 0.0], ""scorePrediction"": [1, 2]}","{""predictions"": [24.04, 56.24, 19.72], ""scorePrediction"": [1, 2]}","{""predictions"": [30.33, 69.67, 0.0], ""scorePrediction"": [1, 2]}","{""predictions"": [23.05, 57.64, 19.31], ""scorePrediction"": [1, 2]}","{""predictions"": [27.46, 72.54, 0.0], ""scorePrediction"": [1, 2]}","{""predictions"": [33.49, 41.08, 25.43], ""scorePrediction"": [1, 2]}","{""predictions"": [45.15, 54.85, 0.0], ""scorePrediction"": [1, 2]}","{""predictions"": [24.11, 55.1, 20.79], ""scorePrediction"": [1, 2]}","{""predictions"": [31.49, 68.51, 0.0], ""scorePrediction"": [1, 2]}","{""predictions"": [34.06, 41.85, 24.09], ""scorePrediction"": [1, 2]}","{""predictions"": [45.94, 54.06, 0.0], ""scorePrediction"": [1, 2]}","{""predictions"": [28.75, 47.93, 23.32], ""scorePrediction"": [1, 2]}","{""predictions"": [37.54, 62.46, 0.0], ""scorePrediction"": [1, 2]}","{""predictions"": [22.98, 57.19, 19.83], ""scorePrediction"": [1, 2]}","{""predictions"": [27.99, 72.01, 0.0], ""scorePrediction"": [1, 2]}","{""predictions"": [31.67, 44.42, 23.91], ""scorePrediction"": [1, 2]}","{""predictions"": [41.28, 58.72, 0.0], ""scorePrediction"": [1, 2]}","{""predictions"": [19.93, 61.36, 18.71], ""scorePrediction"": [1, 2]}","{""predictions"": [24.69, 75.31, 0.0], ""scorePrediction"": [1, 2]}",,,"{""predictions"": [36.11, 38.39, 25.5], ""scorePrediction"": [0, 1]}","{""predictions"": [49.8, 50.2, 0.0], ""scorePrediction"": [0, 1]}","{""predictions"": [29.11, 48.19, 22.7], ""scorePrediction"": [1, 2]}","{""predictions"": [37.81, 62.19, 0.0], ""scorePrediction"": [1, 2]}","{""predictions"": [38.03, 36.13, 25.84], ""scorePrediction"": [1, 0]}","{""predictions"": [53.0, 47.0, 0.0], ""scorePrediction"": [1, 0]}","{""predictions"": [34.46, 41.27, 24.27], ""scorePrediction"": [1, 2]}","{""predictions"": [45.18, 54.82, 0.0], ""scorePrediction"": [1, 2]}","{""predictions"": [23.64, 54.86, 21.5], ""scorePrediction"": [1, 2]}","{""predictions"": [30.03, 69.97, 0.0], ""scorePrediction"": [1, 2]}","{""predictions"": [31.45, 44.83, 23.72], ""scorePrediction"": [1, 2]}","{""predictions"": [40.46, 59.54, 0.0], ""scorePrediction"": [1, 2]}","{""predictions"": [27.93, 48.74, 23.33], ""scorePrediction"": [1, 2]}","{""predictions"": [37.56, 62.44, 0.0], ""scorePrediction"": [1, 2]}","{""predictions"": [37.41, 37.24, 25.35], ""scorePrediction"": [1, 0]}","{""predictions"": [50.37, 49.63, 0.0], ""scorePrediction"": [1, 0]}"
Scotland,"{""predictions"": [41.65, 32.5, 25.85], ""scorePrediction"": [1, 0]}","{""predictions"": [55.31, 44.69, 0.0], ""scorePrediction"": [1, 0]}","{""predictions"": [31.76, 44.83, 23.41], ""scorePrediction"": [1, 2]}","{""predictions"": [41.75, 58.25, 0.0], ""scorePrediction"": [1, 2]}","{""predictions"": [24.76, 54.37, 20.87], ""scorePrediction"": [1, 2]}","{""predictions"": [32.13, 67.87, 0.0], ""scorePrediction"": [1, 2]}","{""predictions"": [32.85, 43.4, 23.75], ""scorePrediction"": [1, 2]}","{""predictions"": [43.09, 56.91, 0.0], ""scorePrediction"": [1, 2]}","{""predictions"": [31.18, 45.45, 23.37], ""scorePrediction"": [1, 2]}","{""predictions"": [41.59, 58.41, 0.0], ""scorePrediction"": [1, 2]}","{""predictions"": [27.69, 50.54, 21.77], ""scorePrediction"": [1, 2]}","{""predictions"": [35.92, 64.08, 0.0], ""scorePrediction"": [1, 2]}","{""predictions"": [23.46, 55.35, 21.19], ""scorePrediction"": [1, 2]}","{""predictions"": [30.43, 69.57, 0.0], ""scorePrediction"": [1, 2]}","{""predictions"": [22.68, 57.28, 20.04], ""scorePrediction"": [1, 2]}","{""predictions"": [28.2, 71.8, 0.0], ""scorePrediction"": [1, 2]}","{""predictions"": [34.27, 40.77, 24.96], ""scorePrediction"": [1, 2]}","{""predictions"": [46.2, 53.8, 0.0], ""scorePrediction"": [0, 1]}","{""predictions"": [25.14, 54.0, 20.86], ""scorePrediction"": [1, 2]}","{""predictions"": [32.09, 67.91, 0.0], ""scorePrediction"": [1, 2]}","{""predictions"": [34.23, 41.54, 24.23], ""scorePrediction"": [1, 2]}","{""predictions"": [46.34, 53.66, 0.0], ""scorePrediction"": [1, 2]}","{""predictions"": [28.52, 48.23, 23.25], ""scorePrediction"": [1, 2]}","{""predictions"": [38.43, 61.57, 0.0], ""scorePrediction"": [1, 2]}","{""predictions"": [23.1, 57.25, 19.65], ""scorePrediction"": [1, 2]}","{""predictions"": [28.69, 71.31, 0.0], ""scorePrediction"": [1, 2]}","{""predictions"": [31.16, 45.57, 23.27], ""scorePrediction"": [1, 2]}","{""predictions"": [41.25, 58.75, 0.0], ""scorePrediction"": [1, 2]}","{""predictions"": [19.14, 62.24, 18.62], ""scorePrediction"": [1, 2]}","{""predictions"": [24.21, 75.79, 0.0], ""scorePrediction"": [1, 2]}","{""predictions"": [37.41, 37.35, 25.24], ""scorePrediction"": [1, 0]}","{""predictions"": [49.62, 50.38, 0.0], ""scorePrediction"": [0, 1]}",,,"{""predictions"": [29.93, 47.73, 22.34], ""scorePrediction"": [1, 2]}","{""predictions"": [37.27, 62.73, 0.0], ""scorePrediction"": [1, 2]}","{""predictions"": [38.18, 36.19, 25.63], ""scorePrediction"": [1, 0]}","{""predictions"": [53.05, 46.95, 0.0], ""scorePrediction"": [1, 0]}","{""predictions"": [34.31, 41.53, 24.16], ""scorePrediction"": [1, 2]}","{""predictions"": [46.41, 53.59, 0.0], ""scorePrediction"": [1, 2]}","{""predictions"": [24.28, 54.61, 21.11], ""scorePrediction"": [1, 2]}","{""predictions"": [29.36, 70.64, 0.0], ""scorePrediction"": [1, 2]}","{""predictions"": [31.4, 44.79, 23.81], ""scorePrediction"": [1, 2]}","{""predictions"": [41.46, 58.54, 0.0], ""scorePrediction"": [1, 2]}","{""predictions"": [28.79, 48.0, 23.21], ""scorePrediction"": [1, 2]}","{""predictions"": [36.73, 63.27, 0.0], ""scorePrediction"": [1, 2]}","{""predictions"": [37.13, 37.49, 25.38], ""scorePrediction"": [0, 1]}","{""predictions"": [49.38, 50.62, 0.0], ""scorePrediction"": [0, 1]}"
Serbia,"{""predictions"": [51.48, 25.03, 23.49], ""scorePrediction"": [2, 1]}","{""predictions"": [68.24, 31.76, 0.0], ""scorePrediction"": [2, 1]}","{""predictions"": [41.66, 36.46, 21.88], ""scorePrediction"": [2, 1]}","{""predictions"": [53.53, 46.47, 0.0], ""scorePrediction"": [2, 1]}","{""predictions"": [33.93, 46.29, 19.78], ""scorePrediction"": [1, 2]}","{""predictions"": [42.37, 57.63, 0.0], ""scorePrediction"": [1, 2]}","{""predictions"": [41.91, 35.25, 22.84], ""scorePrediction"": [2, 1]}","{""predictions"": [54.93, 45.07, 0.0], ""scorePrediction"": [2, 1]}","{""predictions"": [41.27, 36.35, 22.38], ""scorePrediction"": [2, 1]}","{""predictions"": [53.83, 46.17, 0.0], ""scorePrediction"": [2, 1]}","{""predictions"": [37.47, 41.6, 20.93], ""scorePrediction"": [1, 2]}","{""predictions"": [46.03, 53.97, 0.0], ""scorePrediction"": [1, 2]}","{""predictions"": [33.16, 46.46, 20.38], ""scorePrediction"": [1, 2]}","{""predictions"": [41.79, 58.21, 0.0], ""scorePrediction"": [1, 2]}","{""predictions"": [31.59, 48.55, 19.86], ""scorePrediction"": [1, 2]}","{""predictions"": [38.65, 61.35, 0.0], ""scorePrediction"": [1, 2]}","{""predictions"": [44.6, 33.21, 22.19], ""scorePrediction"": [2, 1]}","{""predictions"": [57.32, 42.68, 0.0], ""scorePrediction"": [2, 1]}","{""predictions"": [34.24, 45.33, 20.43], ""scorePrediction"": [1, 2]}","{""predictions"": [42.51, 57.49, 0.0], ""scorePrediction"": [1, 2]}","{""predictions"": [44.43, 32.8, 22.77], ""scorePrediction"": [2, 1]}","{""predictions"": [57.37, 42.63, 0.0], ""scorePrediction"": [2, 1]}","{""predictions"": [39.55, 38.74, 21.71], ""scorePrediction"": [2, 1]}","{""predictions"": [49.78, 50.22, 0.0], ""scorePrediction"": [1, 2]}","{""predictions"": [31.49, 48.84, 19.67], ""scorePrediction"": [1, 2]}","{""predictions"": [37.72, 62.28, 0.0], ""scorePrediction"": [1, 2]}","{""predictions"": [42.33, 36.04, 21.63], ""scorePrediction"": [2, 1]}","{""predictions"": [52.42, 47.58, 0.0], ""scorePrediction"": [2, 1]}","{""predictions"": [28.08, 52.44, 19.48], ""scorePrediction"": [1, 2]}","{""predictions"": [34.57, 65.43, 0.0], ""scorePrediction"": [1, 2]}","{""predictions"": [48.5, 28.74, 22.76], ""scorePrediction"": [2, 1]}","{""predictions"": [62.4, 37.6, 0.0], ""scorePrediction"": [2, 1]}","{""predictions"": [47.43, 30.54, 22.03], ""scorePrediction"": [2, 1]}","{""predictions"": [62.19, 37.81, 0.0], ""scorePrediction"": [2, 1]}",,,"{""predictions"": [49.39, 27.06, 23.55], ""scorePrediction"": [2, 1]}","{""predictions"": [64.67, 35.33, 0.0], ""scorePrediction"": [2, 1]}","{""predictions"": [44.72, 33.11, 22.17], ""scorePrediction"": [2, 1]}","{""predictions"": [57.84, 42.16, 0.0], ""scorePrediction"": [2, 1]}","{""predictions"": [33.18, 46.63, 20.19], ""scorePrediction"": [1, 2]}","{""predictions"": [41.57, 58.43, 0.0], ""scorePrediction"": [1, 2]}","{""predictions"": [40.89, 37.05, 22.06], ""scorePrediction"": [2, 1]}","{""predictions"": [53.78, 46.22, 0.0], ""scorePrediction"": [2, 1]}","{""predictions"": [38.37, 40.04, 21.59], ""scorePrediction"": [1, 2]}","{""predictions"": [48.43, 51.57, 0.0], ""scorePrediction"": [1, 2]}","{""predictions"": [48.62, 29.49, 21.89], ""scorePrediction"": [2, 1]}","{""predictions"": [62.78, 37.22, 0.0], ""scorePrediction"": [2, 1]}"
Slovakia,"{""predictions"": [39.49, 34.11, 26.4], ""scorePrediction"": [1, 0]}","{""predictions"": [53.68, 46.32, 0.0], ""scorePrediction"": [1, 0]}","{""predictions"": [30.25, 46.02, 23.73], ""scorePrediction"": [1, 2]}","{""predictions"": [39.75, 60.25, 0.0], ""scorePrediction"": [1, 2]}","{""predictions"": [23.12, 56.17, 20.71], ""scorePrediction"": [1, 2]}","{""predictions"": [29.64, 70.36, 0.0], ""scorePrediction"": [1, 2]}","{""predictions"": [31.35, 44.2, 24.45], ""scorePrediction"": [1, 2]}","{""predictions"": [41.25, 58.75, 0.0], ""scorePrediction"": [1, 2]}","{""predictions"": [28.96, 47.39, 23.65], ""scorePrediction"": [1, 2]}","{""predictions"": [38.9, 61.1, 0.0], ""scorePrediction"": [1, 2]}","{""predictions"": [25.59, 51.91, 22.5], ""scorePrediction"": [1, 2]}","{""predictions"": [33.79, 66.21, 0.0], ""scorePrediction"": [1, 2]}","{""predictions"": [22.19, 57.82, 19.99], ""scorePrediction"": [1, 2]}","{""predictions"": [27.54, 72.46, 0.0], ""scorePrediction"": [1, 2]}","{""predictions"": [21.02, 59.93, 19.05], ""scorePrediction"": [1, 2]}","{""predictions"": [24.84, 75.16, 0.0], ""scorePrediction"": [1, 2]}","{""predictions"": [32.6, 42.51, 24.89], ""scorePrediction"": [1, 2]}","{""predictions"": [43.54, 56.46, 0.0], ""scorePrediction"": [0, 1]}","{""predictions"": [22.97, 55.79, 21.24], ""scorePrediction"": [1, 2]}","{""predictions"": [29.99, 70.01, 0.0], ""scorePrediction"": [1, 2]}","{""predictions"": [32.62, 42.35, 25.03], ""scorePrediction"": [0, 1]}","{""predictions"": [43.19, 56.81, 0.0], ""scorePrediction"": [1, 2]}","{""predictions"": [27.1, 50.29, 22.61], ""scorePrediction"": [1, 2]}","{""predictions"": [36.28, 63.72, 0.0], ""scorePrediction"": [1, 2]}","{""predictions"": [21.04, 58.84, 20.12], ""scorePrediction"": [1, 2]}","{""predictions"": [26.58, 73.42, 0.0], ""scorePrediction"": [1, 2]}","{""predictions"": [29.54, 47.03, 23.43], ""scorePrediction"": [1, 2]}","{""predictions"": [38.63, 61.37, 0.0], ""scorePrediction"": [1, 2]}","{""predictions"": [18.28, 63.72, 18.0], ""scorePrediction"": [1, 2]}","{""predictions"": [23.09, 76.91, 0.0], ""scorePrediction"": [1, 2]}","{""predictions"": [35.97, 38.77, 25.26], ""scorePrediction"": [0, 1]}","{""predictions"": [48.8, 51.2, 0.0], ""scorePrediction"": [0, 1]}","{""predictions"": [35.5, 39.2, 25.3], ""scorePrediction"": [0, 1]}","{""predictions"": [47.92, 52.08, 0.0], ""scorePrediction"": [0, 1]}","{""predictions"": [27.44, 49.48, 23.08], ""scorePrediction"": [1, 2]}","{""predictions"": [35.9, 64.1, 0.0], ""scorePrediction"": [1, 2]}",,,"{""predictions"": [32.18, 43.15, 24.67], ""scorePrediction"": [1, 2]}","{""predictions"": [42.15, 57.85, 0.0], ""scorePrediction"": [1, 2]}","{""predictions"": [22.51, 57.48, 20.01], ""scorePrediction"": [1, 2]}","{""predictions"": [28.26, 71.74, 0.0], ""scorePrediction"": [1, 2]}","{""predictions"": [29.38, 47.04, 23.58], ""scorePrediction"": [1, 2]}","{""predictions"": [39.22, 60.78, 0.0], ""scorePrediction"": [1, 2]}","{""predictions"": [25.92, 51.23, 22.85], ""scorePrediction"": [1, 2]}","{""predictions"": [35.53, 64.47, 0.0], ""scorePrediction"": [1, 2]}","{""predictions"": [35.27, 38.5, 26.23], ""scorePrediction"": [0, 1]}","{""predictions"": [47.68, 52.32, 0.0], ""scorePrediction"": [0, 1]}"
Slovenia,"{""predictions"": [45.88, 29.38, 24.74], ""scorePrediction"": [1, 0]}","{""predictions"": [60.35, 39.65, 0.0], ""scorePrediction"": [1, 0]}","{""predictions"": [36.32, 40.5, 23.18], ""scorePrediction"": [1, 2]}","{""predictions"": [45.65, 54.35, 0.0], ""scorePrediction"": [1, 2]}","{""predictions"": [28.22, 50.95, 20.83], ""scorePrediction"": [1, 2]}","{""predictions"": [35.25, 64.75, 0.0], ""scorePrediction"": [1, 2]}","{""predictions"": [36.28, 40.07, 23.65], ""scorePrediction"": [1, 2]}","{""predictions"": [46.77, 53.23, 0.0], ""scorePrediction"": [1, 2]}","{""predictions"": [34.86, 41.71, 23.43], ""scorePrediction"": [1, 2]}","{""predictions"": [46.13, 53.87, 0.0], ""scorePrediction"": [1, 2]}","{""predictions"": [31.52, 46.88, 21.6], ""scorePrediction"": [1, 2]}","{""predictions"": [39.54, 60.46, 0.0], ""scorePrediction"": [1, 2]}","{""predictions"": [26.82, 52.13, 21.05], ""scorePrediction"": [1, 2]}","{""predictions"": [35.38, 64.62, 0.0], ""scorePrediction"": [1, 2]}","{""predictions"": [24.96, 54.9, 20.14], ""scorePrediction"": [1, 2]}","{""predictions"": [31.37, 68.63, 0.0], ""scorePrediction"": [1, 2]}","{""predictions"": [37.9, 38.17, 23.93], ""scorePrediction"": [1, 2]}","{""predictions"": [51.28, 48.72, 0.0], ""scorePrediction"": [2, 1]}","{""predictions"": [28.21, 50.87, 20.92], ""scorePrediction"": [1, 2]}","{""predictions"": [35.92, 64.08, 0.0], ""scorePrediction"": [1, 2]}","{""predictions"": [38.31, 38.59, 23.1], ""scorePrediction"": [1, 2]}","{""predictions"": [50.67, 49.33, 0.0], ""scorePrediction"": [2, 1]}","{""predictions"": [32.9, 44.73, 22.37], ""scorePrediction"": [1, 2]}","{""predictions"": [42.34, 57.66, 0.0], ""scorePrediction"": [1, 2]}","{""predictions"": [26.06, 54.22, 19.72], ""scorePrediction"": [1, 2]}","{""predictions"": [31.88, 68.12, 0.0], ""scorePrediction"": [1, 2]}","{""predictions"": [34.64, 41.74, 23.62], ""scorePrediction"": [1, 2]}","{""predictions"": [45.72, 54.28, 0.0], ""scorePrediction"": [1, 2]}","{""predictions"": [22.1, 59.51, 18.39], ""scorePrediction"": [1, 2]}","{""predictions"": [27.69, 72.31, 0.0], ""scorePrediction"": [1, 2]}","{""predictions"": [41.27, 33.58, 25.15], ""scorePrediction"": [2, 1]}","{""predictions"": [54.97, 45.03, 0.0], ""scorePrediction"": [2, 1]}","{""predictions"": [41.11, 34.44, 24.45], ""scorePrediction"": [2, 1]}","{""predictions"": [54.34, 45.66, 0.0], ""scorePrediction"": [2, 1]}","{""predictions"": [32.54, 45.18, 22.28], ""scorePrediction"": [1, 2]}","{""predictions"": [43.48, 56.52, 0.0], ""scorePrediction"": [1, 2]}","{""predictions"": [42.79, 31.81, 25.4], ""scorePrediction"": [2, 1]}","{""predictions"": [57.17, 42.83, 0.0], ""scorePrediction"": [2, 1]}",,,"{""predictions"": [27.65, 51.68, 20.67], ""scorePrediction"": [1, 2]}","{""predictions"": [34.27, 65.73, 0.0], ""scorePrediction"": [1, 2]}","{""predictions"": [35.5, 42.26, 22.24], ""scorePrediction"": [1, 2]}","{""predictions"": [45.49, 54.51, 0.0], ""scorePrediction"": [1, 2]}","{""predictions"": [32.27, 45.69, 22.04], ""scorePrediction"": [1, 2]}","{""predictions"": [41.32, 58.68, 0.0], ""scorePrediction"": [1, 2]}","{""predictions"": [40.39, 34.53, 25.08], ""scorePrediction"": [2, 1]}","{""predictions"": [54.83, 45.17, 0.0], ""scorePrediction"": [1, 0]}"
Spain,"{""predictions"": [58.76, 20.12, 21.12], ""scorePrediction"": [2, 1]}","{""predictions"": [73.63, 26.37, 0.0], ""scorePrediction"": [2, 1]}","{""predictions"": [49.51, 29.62, 20.87], ""scorePrediction"": [2, 1]}","{""predictions"": [62.96, 37.04, 0.0], ""scorePrediction"": [2, 1]}","{""predictions"": [40.08, 39.99, 19.93], ""scorePrediction"": [2, 1]}","{""predictions"": [51.64, 48.36, 0.0], ""scorePrediction"": [2, 1]}","{""predictions"": [50.08, 28.87, 21.05], ""scorePrediction"": [2, 1]}","{""predictions"": [63.48, 36.52, 0.0], ""scorePrediction"": [2, 1]}","{""predictions"": [48.94, 30.28, 20.78], ""scorePrediction"": [2, 1]}","{""predictions"": [61.61, 38.39, 0.0], ""scorePrediction"": [2, 1]}","{""predictions"": [44.24, 35.42, 20.34], ""scorePrediction"": [2, 1]}","{""predictions"": [55.7, 44.3, 0.0], ""scorePrediction"": [2, 1]}","{""predictions"": [40.45, 39.35, 20.2], ""scorePrediction"": [2, 1]}","{""predictions"": [49.92, 50.08, 0.0], ""scorePrediction"": [1, 2]}","{""predictions"": [38.95, 42.09, 18.96], ""scorePrediction"": [1, 2]}","{""predictions"": [47.5, 52.5, 0.0], ""scorePrediction"": [1, 2]}","{""predictions"": [52.31, 27.64, 20.05], ""scorePrediction"": [2, 1]}","{""predictions"": [65.76, 34.24, 0.0], ""scorePrediction"": [2, 1]}","{""predictions"": [40.48, 39.51, 20.01], ""scorePrediction"": [2, 1]}","{""predictions"": [51.99, 48.01, 0.0], ""scorePrediction"": [2, 1]}","{""predictions"": [52.04, 27.7, 20.26], ""scorePrediction"": [2, 1]}","{""predictions"": [66.27, 33.73, 0.0], ""scorePrediction"": [2, 1]}","{""predictions"": [45.9, 33.57, 20.53], ""scorePrediction"": [2, 1]}","{""predictions"": [58.8, 41.2, 0.0], ""scorePrediction"": [2, 1]}","{""predictions"": [38.53, 41.53, 19.94], ""scorePrediction"": [1, 2]}","{""predictions"": [47.92, 52.08, 0.0], ""scorePrediction"": [1, 2]}","{""predictions"": [48.91, 30.42, 20.67], ""scorePrediction"": [2, 1]}","{""predictions"": [61.25, 38.75, 0.0], ""scorePrediction"": [2, 1]}","{""predictions"": [34.67, 46.46, 18.87], ""scorePrediction"": [1, 2]}","{""predictions"": [42.81, 57.19, 0.0], ""scorePrediction"": [1, 2]}","{""predictions"": [55.85, 23.96, 20.19], ""scorePrediction"": [2, 1]}","{""predictions"": [70.69, 29.31, 0.0], ""scorePrediction"": [2, 1]}","{""predictions"": [54.94, 24.27, 20.79], ""scorePrediction"": [2, 1]}","{""predictions"": [69.49, 30.51, 0.0], ""scorePrediction"": [2, 1]}","{""predictions"": [47.26, 33.25, 19.49], ""scorePrediction"": [2, 1]}","{""predictions"": [58.29, 41.71, 0.0], ""scorePrediction"": [2, 1]}","{""predictions"": [56.76, 22.41, 20.83], ""scorePrediction"": [2, 1]}","{""predictions"": [71.47, 28.53, 0.0], ""scorePrediction"": [2, 1]}","{""predictions"": [52.48, 26.4, 21.12], ""scorePrediction"": [2, 1]}","{""predictions"": [65.42, 34.58, 0.0], ""scorePrediction"": [2, 1]}",,,"{""predictions"": [50.02, 30.44, 19.54], ""scorePrediction"": [2, 1]}","{""predictions"": [62.02, 37.98, 0.0], ""scorePrediction"": [2, 1]}","{""predictions"": [46.1, 33.97, 19.93], ""scorePrediction"": [2, 1]}","{""predictions"": [57.75, 42.25, 0.0], ""scorePrediction"": [2, 1]}","{""predictions"": [54.68, 24.18, 21.14], ""scorePrediction"": [2, 1]}","{""predictions"": [70.25, 29.75, 0.0], ""scorePrediction"": [2, 1]}"
Switzerland,"{""predictions"": [48.79, 27.34, 23.87], ""scorePrediction"": [2, 1]}","{""predictions"": [64.16, 35.84, 0.0], ""scorePrediction"": [1, 0]}","{""predictions"": [39.13, 37.69, 23.18], ""scorePrediction"": [2, 1]}","{""predictions"": [50.54, 49.46, 0.0], ""scorePrediction"": [2, 1]}","{""predictions"": [30.41, 48.22, 21.37], ""scorePrediction"": [1, 2]}","{""predictions"": [38.8, 61.2, 0.0], ""scorePrediction"": [1, 2]}","{""predictions"": [40.39, 36.85, 22.76], ""scorePrediction"": [2, 1]}","{""predictions"": [50.85, 49.15, 0.0], ""scorePrediction"": [2, 1]}","{""predictions"": [39.27, 37.6, 23.13], ""scorePrediction"": [2, 1]}","{""predictions"": [50.15, 49.85, 0.0], ""scorePrediction"": [2, 1]}","{""predictions"": [34.56, 43.46, 21.98], ""scorePrediction"": [1, 2]}","{""predictions"": [42.87, 57.13, 0.0], ""scorePrediction"": [1, 2]}","{""predictions"": [31.19, 48.47, 20.34], ""scorePrediction"": [1, 2]}","{""predictions"": [38.56, 61.44, 0.0], ""scorePrediction"": [1, 2]}","{""predictions"": [28.99, 51.26, 19.75], ""scorePrediction"": [1, 2]}","{""predictions"": [35.85, 64.15, 0.0], ""scorePrediction"": [1, 2]}","{""predictions"": [41.36, 34.91, 23.73], ""scorePrediction"": [2, 1]}","{""predictions"": [54.07, 45.93, 0.0], ""scorePrediction"": [2, 1]}","{""predictions"": [31.66, 47.21, 21.13], ""scorePrediction"": [1, 2]}","{""predictions"": [40.2, 59.8, 0.0], ""scorePrediction"": [1, 2]}","{""predictions"": [41.25, 35.0, 23.75], ""scorePrediction"": [2, 1]}","{""predictions"": [54.8, 45.2, 0.0], ""scorePrediction"": [2, 1]}","{""predictions"": [35.9, 42.0, 22.1], ""scorePrediction"": [1, 2]}","{""predictions"": [46.43, 53.57, 0.0], ""scorePrediction"": [1, 2]}","{""predictions"": [29.57, 51.11, 19.32], ""scorePrediction"": [1, 2]}","{""predictions"": [36.56, 63.44, 0.0], ""scorePrediction"": [1, 2]}","{""predictions"": [38.63, 39.85, 21.52], ""scorePrediction"": [1, 2]}","{""predictions"": [48.61, 51.39, 0.0], ""scorePrediction"": [1, 2]}","{""predictions"": [25.98, 54.94, 19.08], ""scorePrediction"": [1, 2]}","{""predictions"": [30.32, 69.68, 0.0], ""scorePrediction"": [1, 2]}","{""predictions"": [45.26, 31.0, 23.74], ""scorePrediction"": [2, 1]}","{""predictions"": [59.17, 40.83, 0.0], ""scorePrediction"": [2, 1]}","{""predictions"": [45.39, 31.59, 23.02], ""scorePrediction"": [2, 1]}","{""predictions"": [58.68, 41.32, 0.0], ""scorePrediction"": [2, 1]}","{""predictions"": [36.35, 41.08, 22.57], ""scorePrediction"": [1, 2]}","{""predictions"": [46.95, 53.05, 0.0], ""scorePrediction"": [1, 2]}","{""predictions"": [46.87, 29.57, 23.56], ""scorePrediction"": [2, 1]}","{""predictions"": [60.69, 39.31, 0.0], ""scorePrediction"": [2, 1]}","{""predictions"": [41.89, 35.57, 22.54], ""scorePrediction"": [2, 1]}","{""predictions"": [54.14, 45.86, 0.0], ""scorePrediction"": [2, 1]}","{""predictions"": [29.71, 49.64, 20.65], ""scorePrediction"": [1, 2]}","{""predictions"": [38.47, 61.53, 0.0], ""scorePrediction"": [1, 2]}",,,"{""predictions"": [36.84, 42.06, 21.1], ""scorePrediction"": [1, 2]}","{""predictions"": [44.96, 55.04, 0.0], ""scorePrediction"": [1, 2]}","{""predictions"": [45.58, 31.25, 23.17], ""scorePrediction"": [2, 1]}","{""predictions"": [58.84, 41.16, 0.0], ""scorePrediction"": [2, 1]}"
Turkey,"{""predictions"": [52.37, 25.06, 22.57], ""scorePrediction"": [2, 1]}","{""predictions"": [68.5, 31.5, 0.0], ""scorePrediction"": [2, 1]}","{""predictions"": [42.95, 35.06, 21.99], ""scorePrediction"": [2, 1]}","{""predictions"": [54.03, 45.97, 0.0], ""scorePrediction"": [2, 1]}","{""predictions"": [33.91, 45.38, 20.71], ""scorePrediction"": [1, 2]}","{""predictions"": [43.63, 56.37, 0.0], ""scorePrediction"": [1, 2]}","{""predictions"": [43.27, 34.35, 22.38], ""scorePrediction"": [2, 1]}","{""predictions"": [55.56, 44.44, 0.0], ""scorePrediction"": [2, 1]}","{""predictions"": [42.53, 35.08, 22.39], ""scorePrediction"": [2, 1]}","{""predictions"": [54.67, 45.33, 0.0], ""scorePrediction"": [2, 1]}","{""predictions"": [37.58, 41.43, 20.99], ""scorePrediction"": [1, 2]}","{""predictions"": [47.25, 52.75, 0.0], ""scorePrediction"": [1, 2]}","{""predictions"": [33.86, 45.67, 20.47], ""scorePrediction"": [1, 2]}","{""predictions"": [42.25, 57.75, 0.0], ""scorePrediction"": [1, 2]}","{""predictions"": [32.33, 47.98, 19.69], ""scorePrediction"": [1, 2]}","{""predictions"": [39.53, 60.47, 0.0], ""scorePrediction"": [1, 2]}","{""predictions"": [46.27, 31.58, 22.15], ""scorePrediction"": [2, 1]}","{""predictions"": [58.64, 41.36, 0.0], ""scorePrediction"": [2, 1]}","{""predictions"": [34.67, 44.53, 20.8], ""scorePrediction"": [1, 2]}","{""predictions"": [42.84, 57.16, 0.0], ""scorePrediction"": [1, 2]}","{""predictions"": [46.13, 32.01, 21.86], ""scorePrediction"": [2, 1]}","{""predictions"": [58.78, 41.22, 0.0], ""scorePrediction"": [2, 1]}","{""predictions"": [39.46, 39.51, 21.03], ""scorePrediction"": [1, 2]}","{""predictions"": [51.46, 48.54, 0.0], ""scorePrediction"": [2, 1]}","{""predictions"": [31.38, 48.55, 20.07], ""scorePrediction"": [1, 2]}","{""predictions"": [39.19, 60.81, 0.0], ""scorePrediction"": [1, 2]}","{""predictions"": [42.62, 35.5, 21.88], ""scorePrediction"": [2, 1]}","{""predictions"": [53.86, 46.14, 0.0], ""scorePrediction"": [2, 1]}","{""predictions"": [28.28, 52.73, 18.99], ""scorePrediction"": [1, 2]}","{""predictions"": [36.07, 63.93, 0.0], ""scorePrediction"": [1, 2]}","{""predictions"": [49.64, 27.99, 22.37], ""scorePrediction"": [2, 1]}","{""predictions"": [63.46, 36.54, 0.0], ""scorePrediction"": [2, 1]}","{""predictions"": [48.33, 29.27, 22.4], ""scorePrediction"": [2, 1]}","{""predictions"": [62.5, 37.5, 0.0], ""scorePrediction"": [2, 1]}","{""predictions"": [39.66, 38.09, 22.25], ""scorePrediction"": [2, 1]}","{""predictions"": [51.67, 48.33, 0.0], ""scorePrediction"": [2, 1]}","{""predictions"": [50.79, 26.77, 22.44], ""scorePrediction"": [2, 1]}","{""predictions"": [66.4, 33.6, 0.0], ""scorePrediction"": [2, 1]}","{""predictions"": [45.04, 33.36, 21.6], ""scorePrediction"": [2, 1]}","{""predictions"": [59.06, 40.94, 0.0], ""scorePrediction"": [2, 1]}","{""predictions"": [34.25, 46.45, 19.3], ""scorePrediction"": [1, 2]}","{""predictions"": [41.73, 58.27, 0.0], ""scorePrediction"": [1, 2]}","{""predictions"": [42.2, 36.01, 21.79], ""scorePrediction"": [2, 1]}","{""predictions"": [54.24, 45.76, 0.0], ""scorePrediction"": [2, 1]}",,,"{""predictions"": [48.49, 28.4, 23.11], ""scorePrediction"": [2, 1]}","{""predictions"": [63.78, 36.22, 0.0], ""scorePrediction"": [2, 1]}"
Ukraine,"{""predictions"": [42.14, 32.49, 25.37], ""scorePrediction"": [1, 0]}","{""predictions"": [56.68, 43.32, 0.0], ""scorePrediction"": [1, 0]}","{""predictions"": [31.47, 44.53, 24.0], ""scorePrediction"": [1, 2]}","{""predictions"": [41.76, 58.24, 0.0], ""scorePrediction"": [1, 2]}","{""predictions"": [24.15, 55.3, 20.55], ""scorePrediction"": [1, 2]}","{""predictions"": [30.64, 69.36, 0.0], ""scorePrediction"": [1, 2]}","{""predictions"": [32.37, 43.47, 24.16], ""scorePrediction"": [1, 2]}","{""predictions"": [44.04, 55.96, 0.0], ""scorePrediction"": [1, 2]}","{""predictions"": [31.84, 44.45, 23.71], ""scorePrediction"": [1, 2]}","{""predictions"": [42.66, 57.34, 0.0], ""scorePrediction"": [1, 2]}","{""predictions"": [26.8, 51.44, 21.76], ""scorePrediction"": [1, 2]}","{""predictions"": [34.7, 65.3, 0.0], ""scorePrediction"": [1, 2]}","{""predictions"": [24.7, 55.24, 20.06], ""scorePrediction"": [1, 2]}","{""predictions"": [30.11, 69.89, 0.0], ""scorePrediction"": [1, 2]}","{""predictions"": [22.8, 57.94, 19.26], ""scorePrediction"": [1, 2]}","{""predictions"": [27.96, 72.04, 0.0], ""scorePrediction"": [1, 2]}","{""predictions"": [35.03, 40.83, 24.14], ""scorePrediction"": [1, 2]}","{""predictions"": [46.0, 54.0, 0.0], ""scorePrediction"": [1, 2]}","{""predictions"": [25.24, 53.73, 21.03], ""scorePrediction"": [1, 2]}","{""predictions"": [32.56, 67.44, 0.0], ""scorePrediction"": [1, 2]}","{""predictions"": [33.5, 41.12, 25.38], ""scorePrediction"": [1, 2]}","{""predictions"": [45.99, 54.01, 0.0], ""scorePrediction"": [1, 2]}","{""predictions"": [30.58, 46.75, 22.67], ""scorePrediction"": [1, 2]}","{""predictions"": [37.72, 62.28, 0.0], ""scorePrediction"": [1, 2]}","{""predictions"": [22.13, 58.27, 19.6], ""scorePrediction"": [1, 2]}","{""predictions"": [29.68, 70.32, 0.0], ""scorePrediction"": [1, 2]}","{""predictions"": [31.42, 45.3, 23.28], ""scorePrediction"": [1, 2]}","{""predictions"": [40.55, 59.45, 0.0], ""scorePrediction"": [1, 2]}","{""predictions"": [19.92, 60.92, 19.16], ""scorePrediction"": [1, 2]}","{""predictions"": [23.8, 76.2, 0.0], ""scorePrediction"": [1, 2]}","{""predictions"": [38.34, 36.59, 25.07], ""scorePrediction"": [1, 0]}","{""predictions"": [51.29, 48.71, 0.0], ""scorePrediction"": [1, 0]}","{""predictions"": [37.13, 37.89, 24.98], ""scorePrediction"": [0, 1]}","{""predictions"": [49.98, 50.02, 0.0], ""scorePrediction"": [0, 1]}","{""predictions"": [28.92, 46.83, 24.25], ""scorePrediction"": [1, 2]}","{""predictions"": [39.31, 60.69, 0.0], ""scorePrediction"": [1, 2]}","{""predictions"": [39.39, 34.37, 26.24], ""scorePrediction"": [1, 0]}","{""predictions"": [52.22, 47.78, 0.0], ""scorePrediction"": [1, 0]}","{""predictions"": [34.4, 41.18, 24.42], ""scorePrediction"": [1, 2]}","{""predictions"": [45.35, 54.65, 0.0], ""scorePrediction"": [1, 2]}","{""predictions"": [24.14, 54.84, 21.02], ""scorePrediction"": [1, 2]}","{""predictions"": [30.53, 69.47, 0.0], ""scorePrediction"": [1, 2]}","{""predictions"": [31.2, 44.76, 24.04], ""scorePrediction"": [1, 2]}","{""predictions"": [41.62, 58.38, 0.0], ""scorePrediction"": [1, 2]}","{""predictions"": [28.53, 49.38, 22.09], ""scorePrediction"": [1, 2]}","{""predictions"": [36.33, 63.67, 0.0], ""scorePrediction"": [1, 2]}",,
